references,vegetation,local,family,specie,month,nitrogen,phosphorus,potassium,calcium,magnesium,iron,manganese,zinc,copper,aluminum
"Ribeiro, J.F. (1983)",Cerrado,"CPAC, EMBRAPA",1.21,Qualea parviflora Mart.,may,12.10,0.56,3.70,5.30,1.90,112,194,15.9,4.16,14353
"Ribeiro, J.F. (1983)",Cerrado,"CPAC, EMBRAPA",1.31,Qualea grandiflora Mart.,may,13.10,0.67,4.20,5.00,2.00,118,118,16.6,3.13,5500
"Ribeiro, J.F. (1983)",Cerrado,"CPAC, EMBRAPA",1.56,Annona crassiflora Mart.,may,15.60,0.76,5.40,6.40,1.70,77,82,18.5,3.33,184
"Ribeiro, J.F. (1983)",Cerrado,"CPAC, EMBRAPA",1.39,Caryocar brasiliense A.St.-Hil.,may,13.90,0.72,2.90,5.20,2.30,153,60,15.6,2.13,310
"Ribeiro, J.F. (1983)",Cerrado,"CPAC, EMBRAPA",2.62,Dimorphandra mollis Benth.,may,26.20,0.40,3.00,1.50,1.00,184,18,15.2,1.97,410
"Ribeiro, J.F. (1983)",Cerrado,"CPAC, EMBRAPA",1.03,Kielmeyera coriacea Mart.,may,10.30,0.62,5.30,4.90,1.70,62,23,18.5,1.58,159
"Ribeiro, J.F. (1983)",Cerrado,"CPAC, EMBRAPA",1.46,Vochysia rufaMart.,may,14.60,0.78,3.90,3.20,2.10,79,90,18.3,4.41,19840
"Ribeiro, J.F. (1983)",Cerrado,"CPAC, EMBRAPA",1.71,Terminalia brasiliensis (Cambess. ex A. St.-Hil.) Eichler,may,17.10,0.85,4.20,8.20,3.10,92,133,16.4,4.04,260
"Ribeiro, J.F. (1983)",Cerrado,"CPAC, EMBRAPA",1.47,Erythroxylum deciduum A.St.-Hil.,may,14.70,0.69,3.30,6.70,2.40,66,51,15.9,2.61,202
"Ribeiro, J.F. (1983)",Cerrado,"CPAC, EMBRAPA",1.47,Strychnos pseudoquina A. St.-Hil.,may,14.70,0.64,4.00,6.60,2.90,139,388,17.1,3.83,3026
"Ribeiro, J.F. (1983)",Cerrado,"CPAC, EMBRAPA",1.57,Sclerolobium aureum (Tul.) Baill.,may,15.70,0.58,4.70,2.00,0.90,108,76,15.1,1.66,263
"Ribeiro, J.F. (1983)",Cerrado,"CPAC, EMBRAPA",Vochysiaceae,Qualea parviflora Mart.,october,18.50,1.35,8.20,10.00,3.20,194,61,22.3,7.85,14264
"Ribeiro, J.F. (1983)",Cerrado,"CPAC, EMBRAPA",Vochysiaceae,Qualea grandiflora Mart.,october,18.80,1.25,8.70,6.70,2.40,118,53,20.6,4.99,9890
"Ribeiro, J.F. (1983)",Cerrado,"CPAC, EMBRAPA",Annonaceae,Annona crassiflora Mart.,october,22.60,1.81,10.20,6.80,2.90,82,60,21.1,14.28,155
"Ribeiro, J.F. (1983)",Cerrado,"CPAC, EMBRAPA",Caryocaraceae,Caryocar brasiliense A.St.-Hil.,october,20.40,1.06,5.90,11.20,3.60,60,42,19.7,4.04,223
"Ribeiro, J.F. (1983)",Cerrado,"CPAC, EMBRAPA",Leguminosae,Dimorphandra mollis Benth.,october,40.10,0.52,5.90,0.60,1.30,18,20,24.1,7.61,266
"Ribeiro, J.F. (1983)",Cerrado,"CPAC, EMBRAPA",Calophyllaceae,Kielmeyera coriacea Mart.,october,19.30,1.52,9.90,7.00,2.20,23,17,25.1,6.42,179
"Ribeiro, J.F. (1983)",Cerrado,"CPAC, EMBRAPA",Vochysiaceae,Vochysia rufaMart.,october,18.00,1.03,8.10,6.90,3.10,90,65,18.0,7.02,18707
"Ribeiro, J.F. (1983)",Cerrado,"CPAC, EMBRAPA",Combretaceae,Terminalia brasiliensis (Cambess. ex A. St.-Hil.) Eichler,october,19.10,1.47,8.40,12.30,4.40,133,77,21.3,8.57,163
"Ribeiro, J.F. (1983)",Cerrado,"CPAC, EMBRAPA",Erythroxylaceae,Erythroxylum deciduum A.St.-Hil.,october,21.10,1.40,11.10,17.00,3.40,51,58,21.1,8.32,185
"Ribeiro, J.F. (1983)",Cerrado,"CPAC, EMBRAPA",Loganiaceae,Strychnos pseudoquina A. St.-Hil.,october,16.90,0.97,5.60,13.40,3.70,388,423,19.8,8.09,2787
"Ribeiro, J.F. (1983)",Cerrado,"CPAC, EMBRAPA",Leguminosae,Sclerolobium aureum (Tul.) Baill.,october,14.70,0.53,4.00,2.30,0.60,76,112,15.4,3.49,360
"Ribeiro, J.F. (1983)",Cerradão,"CPAC, EMBRAPA",1.18,Emmotum nitens (Benth.) Miers,may,11.80,0.60,4.60,4.00,2.10,174,19,15.1,1.61,320
"Ribeiro, J.F. (1983)",Cerradão,"CPAC, EMBRAPA",1.53,Ocotea spixiana (Nees) Mez,may,15.30,0.55,4.50,1.30,1.20,102,35,15.6,2.97,362
"Ribeiro, J.F. (1983)",Cerradão,"CPAC, EMBRAPA",1.91,Sclerolobium paniculatum L.G.Silva & H.C.Lima,may,19.10,0.75,3.00,1.50,1.30,180,114,18.3,1.97,335
"Ribeiro, J.F. (1983)",Cerradão,"CPAC, EMBRAPA",2.29,Siparuna guianensis Aubl.,may,22.90,1.09,14.60,5.10,2.90,180,602,21.3,2.88,991
"Ribeiro, J.F. (1983)",Cerradão,"CPAC, EMBRAPA",1.49,Tapirira guianensis Aubl.,may,14.90,0.90,6.10,12.00,3.30,108,25,17.9,2.77,213
"Ribeiro, J.F. (1983)",Cerradão,"CPAC, EMBRAPA",1.97,Xylopia aromatica (Lam.) Mart.,may,19.70,0.81,4.90,5.10,2.00,116,107,16.2,3.92,250
"Ribeiro, J.F. (1983)",Cerradão,"CPAC, EMBRAPA",1.57,Diospyros sericea A.DC.,may,15.70,0.74,6.20,2.80,2.50,107,30,15.7,1.66,250
"Ribeiro, J.F. (1983)",Cerradão,"CPAC, EMBRAPA",1.69,Simarouba amara Aubl.,may,16.90,0.74,5.20,2.40,1.80,98,19,15.0,1.78,223
"Ribeiro, J.F. (1983)",Cerradão,"CPAC, EMBRAPA",2,Bowdichia virgilioides Kunth,may,20.00,0.64,4.30,3.20,1.30,107,35,16.3,3.56,186
"Ribeiro, J.F. (1983)",Cerradão,"CPAC, EMBRAPA",1.55,Maprounea guianensis Aubl.,may,15.50,0.69,3.40,2.00,1.90,103,57,15.4,2.61,239
"Ribeiro, J.F. (1983)",Cerradão,"CPAC, EMBRAPA",1.62,Cordiera macrophylla (K.Schum.) Kuntze,may,16.20,0.66,8.50,6.90,3.50,129,36,15.6,2.26,293
"Ribeiro, J.F. (1983)",Cerradão,"CPAC, EMBRAPA",1.18,Emmotum nitens (Benth.) Miers,october,13.50,0.63,5.00,6.70,2.30,245,13,16.1,3.37,432
"Ribeiro, J.F. (1983)",Cerradão,"CPAC, EMBRAPA",1.53,Ocotea spixiana (Nees) Mez,october,14.40,0.77,6.00,0.80,1.10,93,29,15.8,6.66,332
"Ribeiro, J.F. (1983)",Cerradão,"CPAC, EMBRAPA",1.91,Sclerolobium paniculatum L.G.Silva & H.C.Lima,october,18.60,0.72,4.60,0.70,1.00,192,107,17.4,4.56,357
"Ribeiro, J.F. (1983)",Cerradão,"CPAC, EMBRAPA",2.29,Siparuna guianensis Aubl.,october,22.50,0.89,14.70,15.50,2.90,201,548,23.1,8.45,1300
"Ribeiro, J.F. (1983)",Cerradão,"CPAC, EMBRAPA",1.49,Tapirira guianensis Aubl.,october,18.40,1.22,7.10,21.20,3.70,127,24,20.8,5.83,236
"Ribeiro, J.F. (1983)",Cerradão,"CPAC, EMBRAPA",1.97,Xylopia aromatica (Lam.) Mart.,october,19.80,0.73,6.70,12.60,2.00,241,152,18.9,7.02,412
"Ribeiro, J.F. (1983)",Cerradão,"CPAC, EMBRAPA",1.57,Diospyros sericea A.DC.,october,18.60,0.78,7.70,4.60,3.30,163,23,18.1,4.99,311
"Ribeiro, J.F. (1983)",Cerradão,"CPAC, EMBRAPA",1.69,Simarouba amara Aubl.,october,20.10,0.93,8.50,3.20,2.00,108,29,14.6,6.55,234
"Ribeiro, J.F. (1983)",Cerradão,"CPAC, EMBRAPA",2,Bowdichia virgilioides Kunth,october,24.40,1.17,6.70,2.50,1.60,80,32,21.6,8.21,185
"Ribeiro, J.F. (1983)",Cerradão,"CPAC, EMBRAPA",1.55,Maprounea guianensis Aubl.,october,20.40,1.03,5.70,1.90,1.90,86,51,18.9,7.38,238
"Ribeiro, J.F. (1983)",Cerradão,"CPAC, EMBRAPA",1.62,Cordiera macrophylla (K.Schum.) Kuntze,october,16.50,0.90,9.80,14.10,3.30,120,33,15.1,5.59,249
"Silva, P.E.N. (1991)",Mata,Olho d'água da Onça,Clusiaceae,Calophyllum brasiliense Cambess.,september,1.49,62,0.55,0.73,0.65,134,37,NA,NA,1106
"Silva, P.E.N. (1991)",Mata,Olho d'água da Onça,Leguminosae,Copaifera langsdorffii Desf.,september,1.18,101,0.93,0.72,0.52,107,847,NA,NA,1457
"Silva, P.E.N. (1991)",Mata,Olho d'água da Onça,Leguminosae,Copaifera langsdorffii Desf.,march,1.18,53,0.72,0.46,0.65,136,1174,NA,NA,441
"Silva, P.E.N. (1991)",Mata,Olho d'água da Onça,Myrtaceae,Myrcia fenzliana O.Berg,september,0.92,158,1.32,0.82,0.52,160,430,NA,NA,5473
"Silva, P.E.N. (1991)",Mata,Olho d'água da Onça,Myrtaceae,Myrcia fenzliana O.Berg,march,1.58,21,0.57,0.54,0.50,138,220,NA,NA,414
"Silva, P.E.N. (1991)",Mata,Olho d'água da Onça,Meliaceae,Guarea macrophylla subsp. tuberculata (Vell.)T.D.Penn.,september,1.05,142,0.96,0.25,0.43,129,45,NA,NA,1743
"Silva, P.E.N. (1991)",Mata,Olho d'água da Onça,Meliaceae,Guarea macrophylla subsp. tuberculata (Vell.)T.D.Penn.,march,1.58,21,1.29,0.48,0.72,105,60,NA,NA,246
"Silva, P.E.N. (1991)",Mata,Olho d'água da Onça,Annonaceae,Guatteria sellowiana Schltdl.,september,1.05,95,0.63,0.82,0.42,118,510,NA,NA,1194
"Silva, P.E.N. (1991)",Mata,Olho d'água da Onça,Annonaceae,Guatteria sellowiana Schltdl.,march,1.32,42,0.57,0.60,0.60,130,431,NA,NA,406
"Silva, P.E.N. (1991)",Mata,Olho d'água da Onça,Chrysobalanaceae,Hirtella glandulosa Spreng.,september,1.38,68,0.47,0.59,0.44,207,32,NA,NA,899
"Silva, P.E.N. (1991)",Mata,Olho d'água da Onça,Chrysobalanaceae,Hirtella glandulosa Spreng.,march,1.38,17,0.52,0.53,0.57,140,43,NA,NA,339
"Silva, P.E.N. (1991)",Mata,Olho d'água da Onça,Phyllanthaceae,Hyeronima alchorneoides Allemão,september,1.84,150,0.71,0.18,0.34,94,43,NA,NA,1441
"Silva, P.E.N. (1991)",Mata,Olho d'água da Onça,Phyllanthaceae,Hyeronima alchorneoides Allemão,march,1.05,31,0.40,0.54,0.77,173,142,NA,NA,318
"Silva, P.E.N. (1991)",Mata,Olho d'água da Onça,Leguminosae,Inga alba (Sw.) Willd.,september,0.79,155,0.70,0.32,0.38,214,96,NA,NA,2078
"Silva, P.E.N. (1991)",Mata,Olho d'água da Onça,Leguminosae,Inga alba (Sw.) Willd.,march,1.84,32,0.69,0.49,0.64,128,136,NA,NA,382
"Silva, P.E.N. (1991)",Mata,Olho d'água da Onça,Chrysobalanaceae,Licania apetala (E.Mey.) Fritsch,september,1.11,83,0.41,0.28,0.25,132,96,NA,NA,867
"Silva, P.E.N. (1991)",Mata,Olho d'água da Onça,Chrysobalanaceae,Licania apetala (E.Mey.) Fritsch,march,1.18,25,0.45,0.26,0.32,159,186,NA,NA,357
"Silva, P.E.N. (1991)",Mata,Olho d'água da Onça,Lauraceae,Ocotea pomaderroides (Meisn.) Mez,march,1.58,21,0.63,0.66,0.35,113,1078,NA,NA,270
"Silva, P.E.N. (1991)",Mata,Olho d'água da Onça,Lauraceae,Ocotea sp,september,1.05,84,0.68,0.55,0.35,133,681,NA,NA,660
"Silva, P.E.N. (1991)",Mata,Olho d'água da Onça,Lauraceae,Ocotea sp,march,1.05,56,0.95,1.12,0.78,129,141,NA,NA,395
"Silva, P.E.N. (1991)",Mata,Olho d'água da Onça,Burseraceae,Protium heptaphyllum (Aubl.) Marchand,september,1.22,101,0.85,0.46,0.35,84,51,NA,NA,1018
"Silva, P.E.N. (1991)",Mata,Olho d'água da Onça,Burseraceae,Protium heptaphyllum (Aubl.) Marchand,march,1.40,17,0.89,0.52,0.51,105,47,NA,NA,296
"Silva, P.E.N. (1991)",Mata,Olho d'água da Onça,Moraceae,Pseudolmedia laevigata Trécul,september,1.14,92,0.92,0.56,0.58,114,710,NA,NA,530
"Silva, P.E.N. (1991)",Mata,Olho d'água da Onça,Moraceae,Pseudolmedia laevigata Trécul,march,1.23,31,1.21,0.45,0.53,120,666,NA,NA,270
"Silva, P.E.N. (1991)",Mata,Olho d'água da Onça,Phyllanthaceae,Richeria obovata (Müll.Arg.) Pax & K.Hoffm.,march,1.58,11,1.84,0.57,0.74,103,78,NA,NA,8147
"Silva, P.E.N. (1991)",Mata,Olho d'água da Onça,Anacardiaceae,Tapirira guianensis Aubl.,september,1.36,82,0.54,1.58,0.59,145,46,NA,NA,867
"Silva, P.E.N. (1991)",Mata,Olho d'água da Onça,Anacardiaceae,Tapirira guianensis Aubl.,march,0.96,31,0.61,1.47,0.55,98,45,NA,NA,241
"Silva, P.E.N. (1991)",Mata,Olho d'água da Onça,Myristicaceae,Virola sebifera Aubl.,september,0.96,94,0.65,0.18,0.16,129,279,NA,NA,1416
"Silva, P.E.N. (1991)",Mata,Olho d'água da Onça,Myristicaceae,Virola sebifera Aubl.,march,1.40,23,0.78,0.33,0.45,128,485,NA,NA,350
"Silva, P.E.N. (1991)",Mata,Olho d'água da Onça,Annonaceae,Xylopia sericea A.St.-Hil.,september,1.11,104,1.27,0.64,0.62,140,128,NA,NA,1078
"Silva, P.E.N. (1991)",Mata,Olho d'água da Onça,Annonaceae,Xylopia sericea A.St.-Hil.,march,1.23,21,1.15,0.44,0.40,102,475,NA,NA,286
"Silva, P.E.N. (1991)",Mata,Taquara,Anarcadiaceae,Astronium graveolens Jacq.,september,1.32,101,0.65,0.68,0.37,101,38,NA,NA,1723
"Silva, P.E.N. (1991)",Mata,Taquara,Calophyllaceae,Calophyllum brasiliense Cambess.,september,1.58,0.05,0.48,1.53,0.30,79,19,NA,NA,1132
"Silva, P.E.N. (1991)",Mata,Taquara,Calophyllaceae,Calophyllum brasiliense Cambess.,march,1.44,0.06,0.47,1.33,0.51,83,27,NA,NA,409
"Silva, P.E.N. (1991)",Mata,Taquara,Meliaceae,Cedrela odorata L.,september,0.92,0.19,1.43,0.87,0.33,84,17,NA,NA,613
"Silva, P.E.N. (1991)",Mata,Taquara,Meliaceae,Cedrela odorata L.,march,1.57,0.07,0.67,1.83,0.26,136,24,NA,NA,366
"Silva, P.E.N. (1991)",Mata,Taquara,Proteaceae,Euplassa inaequalis (Pohl) Engl.,september,2.90,0.14,1.59,0.49,0.37,98,50,NA,NA,10017
"Silva, P.E.N. (1991)",Mata,Taquara,Proteaceae,Euplassa inaequalis (Pohl) Engl.,march,NA,0.05,1.39,0.94,0.35,130,110,NA,NA,13565
"Silva, P.E.N. (1991)",Mata,Taquara,Araliaceae,Dendropanax cuneatus (DC.) Decne. & Planch.,september,0.96,0.09,2.08,2.45,0.61,90,128,NA,NA,1045
"Silva, P.E.N. (1991)",Mata,Taquara,Araliaceae,Dendropanax cuneatus (DC.) Decne. & Planch.,march,1.44,0.07,1.92,2.71,0.81,130,225,NA,NA,480
"Silva, P.E.N. (1991)",Mata,Taquara,Nyctaginaceae,Guapira sp,september,1.97,0.06,0.93,1.15,0.97,127,212,NA,NA,1488
"Silva, P.E.N. (1991)",Mata,Taquara,Nyctaginaceae,Guapira sp,march,NA,0.10,0.78,1.49,1.21,151,234,NA,NA,816
"Silva, P.E.N. (1991)",Mata,Taquara,Phyllanthaceae,Hyeronima alchorneoides Allemão,march,1.05,0.14,2.18,0.59,0.82,83,45,NA,NA,509
"Silva, P.E.N. (1991)",Mata,Taquara,Cunoniaceae,Lamanonia brasiliensis Zickel & Leitão,september,0.92,0.09,0.89,1.66,0.60,72,317,NA,NA,445
"Silva, P.E.N. (1991)",Mata,Taquara,Cunoniaceae,Lamanonia brasiliensis Zickel & Leitão,march,1.05,0.06,0.70,2.39,0.68,90,327,NA,NA,887
"Silva, P.E.N. (1991)",Mata,Taquara,Myrtaceae,Myrceugenia sp,september,0.98,0.09,0.88,1.39,0.38,89,165,NA,NA,710
"Silva, P.E.N. (1991)",Mata,Taquara,Myrtaceae,Myrceugenia sp,march,1.18,0.07,0.71,1.70,0.49,118,152,NA,NA,541
"Silva, P.E.N. (1991)",Mata,Taquara,Burseraceae,Protium heptaphyllum (Aubl.) Marchand,september,1.11,0.12,0.82,0.74,0.30,97,39,NA,NA,473
"Silva, P.E.N. (1991)",Mata,Taquara,Burseraceae,Protium heptaphyllum (Aubl.) Marchand,march,1.24,0.08,1.34,0.58,0.38,66,35,NA,NA,389
"Silva, P.E.N. (1991)",Mata,Taquara,Rosaceae,Prunus sp,september,NA,0.07,1.55,2.09,0.47,79,66,NA,NA,1765
"Silva, P.E.N. (1991)",Mata,Taquara,Rosaceae,Prunus sp,march,NA,0.14,1.43,2.35,0.46,144,195,NA,NA,668
"Silva, P.E.N. (1991)",Mata,Taquara,Phyllanthaceae,Richeria obovata (Müll.Arg.) Pax & K.Hoffm.,september,1.31,0.13,1.35,2.13,0.88,163,77,NA,NA,22461
"Silva, P.E.N. (1991)",Mata,Taquara,Phyllanthaceae,Richeria obovata (Müll.Arg.) Pax & K.Hoffm.,march,1.57,0.08,2.01,1.78,0.54,114,84,NA,NA,20565
"Silva, P.E.N. (1991)",Mata,Taquara,Bignoniaceae,Tabebuia sp,september,1.31,0.26,2.27,1.05,0.80,95,108,NA,NA,577
"Silva, P.E.N. (1991)",Mata,Taquara,Bignoniaceae,Tabebuia sp,march,1.18,0.09,0.90,1.62,1.06,153,172,NA,NA,947
"Silva, P.E.N. (1991)",Mata,Taquara,Magnoliaceae,Magnolia ovata  (A.St.-Hil.) Spreng.,september,1.23,0.08,0.61,2.48,0.31,70,80,NA,NA,1257
"Silva, P.E.N. (1991)",Mata,Taquara,Magnoliaceae,Magnolia ovata  (A.St.-Hil.) Spreng.,march,1.23,0.05,0.84,2.67,0.32,88,75,NA,NA,469
"Silva, P.E.N. (1991)",Mata,Taquara,Anacardiaceae,Tapirira guianensis Aubl.,september,1.31,0.09,0.65,2.94,0.23,78,24,NA,NA,981
"Silva, P.E.N. (1991)",Mata,Taquara,Anacardiaceae,Tapirira guianensis Aubl.,march,1.22,0.06,0.65,2.67,0.34,77,31,NA,NA,381
"Silva, P.E.N. (1991)",Mata,Taquara,Dichapetalaceae,Tapura amazonica Poepp. & Endl.,march,1.05,0.14,0.65,1.81,0.25,133,20,NA,NA,302
"Silva, P.E.N. (1991)",Mata,Taquara,Myristicaceae,Virola sebifera,march,1.18,0.05,0.58,1.53,0.26,8,78,NA,NA,621
"Silva, P.E.N. (1991)",Mata,Taquara,Annonaceae,Xylopia emarginata Mart.,september,1.49,0.01,0.76,1.69,0.40,135,49,NA,NA,939
"Silva, P.E.N. (1991)",Mata,Taquara,Annonaceae,Xylopia emarginata Mart.,march,1.31,0.05,0.73,1.00,0.32,77,55,NA,NA,429
"Silva, P.E.N. (1991)",Mata,Monjolo,Rubiaceae,Amaioua guianensis Aubl.,september,1.31,0.08,1.19,0.43,0.4,162,56,NA,NA,678
"Silva, P.E.N. (1991)",Mata,Monjolo,Rubiaceae,Amaioua guianensis Aubl.,march,1.31,0.06,0.97,0.37,0.38,127,85,NA,NA,845
"Silva, P.E.N. (1991)",Mata,Monjolo,Apocynaceae,Aspidosperma discolor A.DC.,september,1.57,0.08,1.23,0.81,0.81,157,61,NA,NA,488
"Silva, P.E.N. (1991)",Mata,Monjolo,Apocynaceae,Aspidosperma discolor A.DC.,march,1.67,0.08,0.88,0.60,0.95,119,59,NA,NA,687
"Silva, P.E.N. (1991)",Mata,Monjolo,Anarcadiaceae,Astronium graveolens Jacq.,september,1.31,0.08,1.28,0.51,0.41,125,25,NA,NA,910
"Silva, P.E.N. (1991)",Mata,Monjolo,Anarcadiaceae,Astronium graveolens Jacq.,march,1.32,0.10,1.20,0.34,0.59,190,58,NA,NA,1098
"Silva, P.E.N. (1991)",Mata,Monjolo,Myrtaceae,Blepharocalyx salicifolius (Kunth) O.Berg,september,0.79,0.07,0.59,0.69,0.59,95,11,NA,NA,435
"Silva, P.E.N. (1991)",Mata,Monjolo,Myrtaceae,Blepharocalyx salicifolius (Kunth) O.Berg,march,1.32,0.07,0.52,0.71,0.71,124,17,NA,NA,286
"Silva, P.E.N. (1991)",Mata,Monjolo,Calophyllaceae,Calophyllum brasiliense Cambess.,september,1.32,0.05,0.69,0.63,0.51,202,55,NA,NA,689
"Silva, P.E.N. (1991)",Mata,Monjolo,Calophyllaceae,Calophyllum brasiliense Cambess.,march,1.05,0.06,1.23,0.29,0.45,86,27,NA,NA,302
"Silva, P.E.N. (1991)",Mata,Monjolo,Celastraceae,Cheiloclinium cognatum (Miers) A.C.Sm.,september,1.25,0.08,0.90,0.63,0.64,199,30,NA,NA,647
"Silva, P.E.N. (1991)",Mata,Monjolo,Celastraceae,Cheiloclinium cognatum (Miers) A.C.Sm.,march,1.31,0.07,0.89,0.54,0.61,116,33,NA,NA,632
"Silva, P.E.N. (1991)",Mata,Monjolo,Leguminosae,Copaifera langsdorffii Desf.,september,1.32,0.11,0.98,0.32,0.34,121,272,NA,NA,1369
"Silva, P.E.N. (1991)",Mata,Monjolo,Leguminosae,Copaifera langsdorffii Desf.,march,1.05,0.11,0.62,0.73,0.53,114,220,NA,NA,736
"Silva, P.E.N. (1991)",Mata,Monjolo,Lauraceae,Cryptocarya aschersoniana Mez,september,1.84,0.07,1.26,0.23,0.20,168,421,NA,NA,506
"Silva, P.E.N. (1991)",Mata,Monjolo,Lauraceae,Cryptocarya aschersoniana Mez,march,0.79,0.07,1.29,0.25,0.19,169,489,NA,NA,844
"Silva, P.E.N. (1991)",Mata,Monjolo,Sapotaceae,Chrysophyllum marginatum (Hook. & Arn.) Radlk.,march,1.32,0.08,1.11,0.53,0.52,122,32,NA,NA,657
"Silva, P.E.N. (1991)",Mata,Monjolo,Sapindaceae,Cupania vernalis Cambess.,september,1.58,0.10,1.15,0.55,0.71,133,1077,NA,NA,1584
"Silva, P.E.N. (1991)",Mata,Monjolo,Sapindaceae,Cupania vernalis Cambess.,march,1.32,0.07,1.63,0.29,0.47,159,355,NA,NA,660
"Silva, P.E.N. (1991)",Mata,Monjolo,Icacinaceae,Emmotum nitens (Benth.) Miers,september,1.05,0.09,0.74,0.49,0.51,320,23,NA,NA,1306
"Silva, P.E.N. (1991)",Mata,Monjolo,Icacinaceae,Emmotum nitens (Benth.) Miers,march,1.58,0.06,0.88,0.31,0.58,236,27,NA,NA,1019
"Silva, P.E.N. (1991)",Mata,Monjolo,Myrtaceae,Gomidesia cf. lindeniana O.Berg,march,1.58,0.08,0.80,0.40,0.48,292,573,NA,NA,1058
"Silva, P.E.N. (1991)",Mata,Monjolo,Annonaceae,Guatteria sellowiana Schltdl.,september,1.49,0.16,1.13,0.65,0.67,253,146,NA,NA,775
"Silva, P.E.N. (1991)",Mata,Monjolo,Annonaceae,Guatteria sellowiana Schltdl.,march,1.40,0.05,0.95,0.50,0.53,114,140,NA,NA,1010
"Silva, P.E.N. (1991)",Mata,Monjolo,Rubiaceae,Ixora brevifolia Benth.,september,1.84,0.05,0.55,0.58,0.40,199,220,NA,NA,23320
"Silva, P.E.N. (1991)",Mata,Monjolo,Rubiaceae,Ixora brevifolia Benth.,march,1.35,0.05,0.60,0.63,0.56,124,176,NA,NA,28090
"Silva, P.E.N. (1991)",Mata,Monjolo,Chrysobalanaceae,Licania apetala (E.Mey.) Fritsch,september,1.31,0.09,0.67,0.24,0.31,167,49,NA,NA,821
"Silva, P.E.N. (1991)",Mata,Monjolo,Chrysobalanaceae,Licania apetala (E.Mey.) Fritsch,march,1.05,0.08,0.69,0.27,0.39,129,41,NA,NA,752
"Silva, P.E.N. (1991)",Mata,Monjolo,Euphorbiaceae,Maprounea guianensis Aubl.,march,1.05,0.06,0.53,0.23,0.30,106,82,NA,NA,579
"Silva, P.E.N. (1991)",Mata,Monjolo,Celastraceae,Maytenus floribunda Reissek,september,1.58,0.08,1.09,0.08,0.14,72,62,NA,NA,609
"Silva, P.E.N. (1991)",Mata,Monjolo,Celastraceae,Maytenus floribunda Reissek,march,1.05,0.07,0.72,0.19,0.27,127,130,NA,NA,430
"Silva, P.E.N. (1991)",Mata,Monjolo,Melastomataceae,Miconia sellowiana Naudin,september,1.58,0.04,0.65,0.31,0.28,91,158,NA,NA,5603
"Silva, P.E.N. (1991)",Mata,Monjolo,Melastomataceae,Miconia sellowiana Naudin,march,1.38,0.05,0.47,0.37,0.38,98,173,NA,NA,8829
"Silva, P.E.N. (1991)",Mata,Monjolo,Lauraceae,Nectandra lanceolata Nees,september,1.18,0.08,0.98,0.38,0.47,270,205,NA,NA,1116
"Silva, P.E.N. (1991)",Mata,Monjolo,Lauraceae,Nectandra lanceolata Nees,march,1.44,0.07,0.69,0.52,0.66,179,567,NA,NA,929
"Silva, P.E.N. (1991)",Mata,Monjolo,Lauraceae,Ocotea spixiana (Nees) Mez,march,1.71,0.10,0.78,0.29,0.30,159,233,NA,NA,985
"Silva, P.E.N. (1991)",Mata,Monjolo,Asteraceae,Piptocarpha macropoda (DC.) Baker,march,1.64,0.14,1.58,0.48,0.56,197,243,NA,NA,778
"Silva, P.E.N. (1991)",Mata,Monjolo,Sapotaceae,Pouteria ramiflora (Mart.) Radlk.,september,1.45,0.08,0.58,0.16,0.25,129,120,NA,NA,530
"Silva, P.E.N. (1991)",Mata,Monjolo,Sapotaceae,Pouteria ramiflora (Mart.) Radlk.,march,1.38,0.06,0.64,0.19,0.26,119,181,NA,NA,618
"Silva, P.E.N. (1991)",Mata,Monjolo,Burseraceae,Protium heptaphyllum (Aubl.) Marchand,september,1.63,0.09,0.70,0.39,0.33,223,55,NA,NA,883
"Silva, P.E.N. (1991)",Mata,Monjolo,Burseraceae,Protium heptaphyllum (Aubl.) Marchand,march,1.25,0.09,0.87,0.23,0.27,150,65,NA,NA,672
"Silva, P.E.N. (1991)",Mata,Monjolo,Moraceae,Pseudolmedia laevigata Trécul,september,1.40,0.06,0.81,0.32,0.42,123,474,NA,NA,1288
"Silva, P.E.N. (1991)",Mata,Monjolo,Moraceae,Pseudolmedia laevigata Trécul,march,1.38,0.06,1.17,0.39,0.46,114,356,NA,NA,495
"Silva, P.E.N. (1991)",Mata,Monjolo,Anacardiaceae,Tapirira guianensis Aubl.,september,1.64,0.11,0.86,0.76,0.64,190,30,NA,NA,627
"Silva, P.E.N. (1991)",Mata,Monjolo,Anacardiaceae,Tapirira guianensis Aubl.,march,1.18,0.30,0.58,0.65,0.73,222,33,NA,NA,664
"Silva, P.E.N. (1991)",Mata,Monjolo,Dichapetalaceae,Tapura amazonica Poepp. & Endl.,september,1.45,0.13,1.09,0.81,1.04,240,44,NA,NA,1215
"Silva, P.E.N. (1991)",Mata,Monjolo,Dichapetalaceae,Tapura amazonica Poepp. & Endl.,march,1.58,0.05,0.62,0.53,1.03,380,39,NA,NA,1030
"Silva, P.E.N. (1991)",Mata,Monjolo,Burseraceae,Protium unifoliolatum Engl.,march,2.11,0.10,0.83,0.59,0.55,140,235,NA,NA,1275
"Silva, P.E.N. (1991)",Mata,Monjolo,Myristicaceae,Virola sebifera Aulb.,september,1.75,0.11,1.28,0.26,0.38,168,185,NA,NA,812
"Silva, P.E.N. (1991)",Mata,Monjolo,Myristicaceae,Virola sebifera Aulb.,march,1.49,0.08,0.95,0.26,0.33,189,107,NA,NA,790
"Silva, P.E.N. (1991)",Mata,Gama,Rubiaceae,Amaioua guianensis Aubl.,september,1.51,0.10,1.55,0.42,0.40,99,70,NA,NA,286
"Silva, P.E.N. (1991)",Mata,Gama,Rubiaceae,Amaioua guianensis Aubl.,march,1.58,0.03,1.48,0.39,0.48,111,63,NA,NA,375
"Silva, P.E.N. (1991)",Mata,Gama,Apocynaceae,Aspidosperma discolor A.DC.,march,1.97,0.04,2.51,0.50,0.89,107,369,NA,NA,366
"Silva, P.E.N. (1991)",Mata,Gama,Anarcadiaceae,Astronium graveolens Jacq.,september,1.49,0.08,1.22,0.67,0.60,128,35,NA,NA,381
"Silva, P.E.N. (1991)",Mata,Gama,Anarcadiaceae,Astronium graveolens Jacq.,march,1.32,0.03,1.13,0.78,0.85,10,37,NA,NA,546
"Silva, P.E.N. (1991)",Mata,Gama,Meliaceae,Cabralea canjerana (Vell.) Mart.,september,1.18,0.10,0.65,0.55,0.44,295,52,NA,NA,776
"Silva, P.E.N. (1991)",Mata,Gama,Meliaceae,Cabralea canjerana (Vell.) Mart.,march,1.40,0.03,2.58,0.68,1.01,122,88,NA,NA,405
"Silva, P.E.N. (1991)",Mata,Gama,Celastraceae,Cheiloclinium cognatum (Miers) A.C.Sm.,september,1.71,0.07,1.02,0.67,0.66,163,92,NA,NA,290
"Silva, P.E.N. (1991)",Mata,Gama,Celastraceae,Cheiloclinium cognatum (Miers) A.C.Sm.,march,1.64,0.02,0.79,0.56,0.54,164,52,NA,NA,1064
"Silva, P.E.N. (1991)",Mata,Gama,Leguminosae,Copaifera langsdorffii Desf.,september,0.79,0.11,1.06,0.57,0.77,120,268,NA,NA,231
"Silva, P.E.N. (1991)",Mata,Gama,Leguminosae,Copaifera langsdorffii Desf.,march,1.18,0.04,0.92,0.64,0.58,106,461,NA,NA,483
"Silva, P.E.N. (1991)",Mata,Gama,Lauraceae,Cryptocarya aschersoniana Mez,september,1.66,0.14,1.40,0.21,0.22,118,206,NA,NA,795
"Silva, P.E.N. (1991)",Mata,Gama,Lauraceae,Cryptocarya aschersoniana Mez,march,1.66,0.03,1.23,0.33,0.41,148,270,NA,NA,666
"Silva, P.E.N. (1991)",Mata,Gama,Sapindaceae,Cupania vernalis Cambess.,september,1.57,0.14,1.91,0.28,0.68,157,239,NA,NA,723
"Silva, P.E.N. (1991)",Mata,Gama,Sapindaceae,Cupania vernalis Cambess.,march,1.25,0.05,1.74,0.26,0.66,115,215,NA,NA,616
"Silva, P.E.N. (1991)",Mata,Gama,Icacinaceae,Emmotum nitens (Benth.) Miers,september,1.58,0.06,0.72,0.34,0.69,156,23,NA,NA,517
"Silva, P.E.N. (1991)",Mata,Gama,Icacinaceae,Emmotum nitens (Benth.) Miers,march,1.31,0.04,1.05,0.53,0.55,244,216,NA,NA,939
"Silva, P.E.N. (1991)",Mata,Gama,Myrtaceae,Myrcia fenzliana O.Berg,september,1.71,0.04,0.77,0.50,0.05,160,282,NA,NA,429
"Silva, P.E.N. (1991)",Mata,Gama,Myrtaceae,Myrcia fenzliana O.Berg,march,1.58,0.03,0.99,0.51,0.52,143,439,NA,NA,573
"Silva, P.E.N. (1991)",Mata,Gama,Annonaceae,Guatteria sellowiana Schltdl.,september,1.58,0.09,0.88,0.66,0.86,178,223,NA,NA,581
"Silva, P.E.N. (1991)",Mata,Gama,Annonaceae,Guatteria sellowiana Schltdl.,march,1.38,0.02,1.05,0.55,0.80,121,130,NA,NA,564
"Silva, P.E.N. (1991)",Mata,Gama,Chrysobalanaceae,Hirtella glandulosa Spreng.,september,2.11,0.15,1.79,0.48,0.89,250,87,NA,NA,772
"Silva, P.E.N. (1991)",Mata,Gama,Leguminosae,Hymenaea stigonocarpa Hayne,september,1.75,0.15,1.46,0.41,0.58,108,229,NA,NA,636
"Silva, P.E.N. (1991)",Mata,Gama,Leguminosae,Hymenaea stigonocarpa Hayne,march,1.05,0.02,1.46,0.48,0.74,100,306,NA,NA,581
"Silva, P.E.N. (1991)",Mata,Gama,Bignoniaceae,Jacaranda caroba (Vell.) DC.,september,1.32,0.07,1.05,0.24,0.32,254,94,NA,NA,541
"Silva, P.E.N. (1991)",Mata,Gama,Cunoniaceae,Lamanonia ternata Vell.,september,1.84,0.04,0.57,0.75,0.99,129,221,NA,NA,756
"Silva, P.E.N. (1991)",Mata,Gama,Cunoniaceae,Lamanonia ternata Vell.,march,1.21,0.02,1.08,0.74,0.82,97,150,NA,NA,789
"Silva, P.E.N. (1991)",Mata,Gama,Chrysobalanaceae,Licania apetala (E.Mey.) Fritsch,september,1.58,0.13,0.50,0.33,0.28,177,87,NA,NA,618
"Silva, P.E.N. (1991)",Mata,Gama,Chrysobalanaceae,Licania apetala (E.Mey.) Fritsch,march,1.31,0.01,0.54,0.30,0.32,135,75,NA,NA,459
"Silva, P.E.N. (1991)",Mata,Gama,Leguminosae,Machaerium acutifolium Vogel,september,1.84,0.12,0.63,0.53,0.87,197,241,NA,NA,446
"Silva, P.E.N. (1991)",Mata,Gama,Leguminosae,Machaerium acutifolium Vogel,march,1.05,0.06,1.03,0.46,0.81,103,242,NA,NA,525
"Silva, P.E.N. (1991)",Mata,Gama,Celastraceae,Maytenus pittieriana Steyerm.,september,1.97,0.12,2.15,0.22,0.47,142,301,NA,NA,469
"Silva, P.E.N. (1991)",Mata,Gama,Celastraceae,Maytenus pittieriana Steyerm.,march,1.31,0.02,2.63,0.25,0.71,122,264,NA,NA,405
"Silva, P.E.N. (1991)",Mata,Gama,Rutaceae,Metrodorea stipularis Mart.,september,1.31,0.16,2.82,0.38,0.80,115,230,NA,NA,759
"Silva, P.E.N. (1991)",Mata,Gama,Rutaceae,Metrodorea stipularis Mart.,march,1.31,0.06,2.45,0.35,0.72,134,295,NA,NA,714
"Silva, P.E.N. (1991)",Mata,Gama,Lauraceae,Nectandra lanceolata Nees & Mart.,march,1.05,0.12,0.87,0.55,0.33,100,197,NA,NA,1077
"Silva, P.E.N. (1991)",Mata,Gama,Asteraceae,Piptocarpha macropoda (DC.) Baker,september,1.58,0.12,2.11,0.49,0.66,175,402,NA,NA,603
"Silva, P.E.N. (1991)",Mata,Gama,Asteraceae,Piptocarpha macropoda (DC.) Baker,march,1.58,0.09,2.47,0.37,0.57,167,301,NA,NA,533
"Silva, P.E.N. (1991)",Mata,Gama,Burseraceae,Protium heptaphyllum (Aubl.) Marchand,september,1.71,0.11,1.37,0.43,0.39,123,307,NA,NA,539
"Silva, P.E.N. (1991)",Mata,Gama,Burseraceae,Protium heptaphyllum (Aubl.) Marchand,march,1.45,0.02,0.87,0.40,0.39,111,44,NA,NA,557
"Silva, P.E.N. (1991)",Mata,Gama,Moraceae,Pseudolmedia laevigata Trécul,september,1.32,0.05,1.55,0.54,0.40,180,775,NA,NA,406
"Silva, P.E.N. (1991)",Mata,Gama,Celastraceae,Salacia elliptica (Mart.) G.Don,september,2.10,0.10,1.70,0.11,0.50,143,48,NA,NA,457
"Silva, P.E.N. (1991)",Mata,Gama,Symplocaceae,Symplocos mosenii Brand,september,1.66,0.11,1.01,0.50,0.17,124,205,NA,NA,38225
"Silva, P.E.N. (1991)",Mata,Gama,Symplocaceae,Symplocos mosenii Brand,march,1.42,0.04,0.81,0.46,0.23,107,179,NA,NA,49215
"Silva, P.E.N. (1991)",Mata,Gama,Anacardiaceae,Tapirira guianensis Aubl.,september,1.58,0.10,0.72,2.17,0.68,131,45,NA,NA,306
"Silva, P.E.N. (1991)",Mata,Gama,Anacardiaceae,Tapirira guianensis Aubl.,march,1.84,0.05,0.86,1.36,0.68,91,36,NA,NA,350
"Silva, P.E.N. (1991)",Mata,Gama,Burseraceae,Protium unifoliolatum Engl.,september,1.40,0.31,1.46,0.73,0.60,141,275,NA,NA,351
"Silva, P.E.N. (1991)",Mata,Gama,Burseraceae,Protium unifoliolatum Engl.,march,2.37,0.38,2.28,0.51,0.54,134,230,NA,NA,419
"Silva, P.E.N. (1991)",Mata,Gama,Myristicaceae,Virola sebifera Aubl.,september,0.92,0.11,1.45,0.14,0.47,209,219,NA,NA,923
"Silva, P.E.N. (1991)",Mata,Gama,Myristicaceae,Virola sebifera Aubl.,march,NA,0.02,1.42,0.18,0.54,123,124,NA,NA,529
"Silva, P.E.N. (1991)",Mata,Gama,Rutaceae,Zanthoxylum rhoifolium Lam.,september,1.32,0.15,3.34,0.45,0.75,171,211,NA,NA,318
"Silva, P.E.N. (1991)",Mata,Gama,Rutaceae,Zanthoxylum rhoifolium Lam.,march,1.58,0.02,2.37,0.41,0.70,114,120,NA,NA,350
"Araujo, G.M. (1992)",Mata Mes. Semidec.,Panga,Leguminosae,Acacia glomerosa Benth.,march,30.40,1.63,8.38,8.68,1.99,140,76,17.0,9.00,80
"Araujo, G.M. (1992)",Mata Mes. Semidec.,Panga,Arecaceae,Acrocomia aculeata (Jacq.) Lodd. ex Mart.,march,18.50,1.29,13.52,7.75,1.98,236,57,21.0,3.00,78
"Araujo, G.M. (1992)",Mata Mes. Semidec.,Panga,Leguminosae,Albizia niopoides (Benth.) Burkart,march,35.10,1.64,12.96,13.31,1.93,139,58,14.0,9.00,84
"Araujo, G.M. (1992)",Mata Mes. Semidec.,Panga,Leguminosae,Anadenanthera colubrina var. cebil (Griseb.) Altschul,march,31.40,1.22,6.97,17.63,2.04,130,30,17.0,7.00,68
"Araujo, G.M. (1992)",Mata Mes. Semidec.,Panga,Malvaceae,Apeiba tibourbou Aubl.,march,24.70,1.39,21.93,12.27,2.31,101,55,13.0,9.00,99
"Araujo, G.M. (1992)",Mata Mes. Semidec.,Panga,Apocynaceae,Aspidosperma cuspa (Kunth) S.F.Blake ex Pittier,march,20.40,1.06,8.95,26.79,2.35,145,26,14.0,15.00,157
"Araujo, G.M. (1992)",Mata Mes. Semidec.,Panga,Anacardiaceae,Astronium fraxinifolium Schott,march,26.40,1.33,8.79,12.55,1.24,169,26,12.0,5.00,62
"Araujo, G.M. (1992)",Mata Mes. Semidec.,Panga,Malpighiaceae,Byrsonima basiloba A.Juss.,march,12.30,0.75,4.01,28.45,2.22,227,28,7.0,3.00,104
"Araujo, G.M. (1992)",Mata Mes. Semidec.,Panga,Salicaceae,Casearia gossypiosperma Briq.,march,23.20,1.14,16.25,16.69,2.13,128,531,29.0,10.00,82
"Araujo, G.M. (1992)",Mata Mes. Semidec.,Panga,Salicaceae,Casearia rupestris Eichler,march,24.50,1.61,59.54,18.86,2.50,108,105,16.0,6.00,207
"Araujo, G.M. (1992)",Mata Mes. Semidec.,Panga,Leguminosae,Senna silvestris (Vell.) H.S.Irwin & Barneby,march,28.20,1.56,10.52,16.67,2.11,122,38,18.0,12.00,61
"Araujo, G.M. (1992)",Mata Mes. Semidec.,Panga,Caryocaraceae,Caryocar brasiliense A.St.-Hil.,march,21.70,1.06,6.04,9.83,2.89,256,38,14.0,3.00,119
"Araujo, G.M. (1992)",Mata Mes. Semidec.,Panga,Rubiaceae,Chomelia cf. sericea,march,25.30,1.17,16.97,8.43,2.42,308,34,38.0,8.00,201
"Araujo, G.M. (1992)",Mata Mes. Semidec.,Panga,Rubiaceae,Chomelia cf. sessilis,march,17.20,1.00,21.22,11.88,2.90,431,54,25.0,7.00,116
"Araujo, G.M. (1992)",Mata Mes. Semidec.,Panga,Rubiaceae,Chomelia pohliana Müll.Arg.,march,23.30,1.25,10.58,23.23,2.08,270,35,20.0,13.00,181
"Araujo, G.M. (1992)",Mata Mes. Semidec.,Panga,Sapotaceae,Chrysophyllum marginatum (Hook. & Arn.) Radlk.,march,17.50,0.95,4.98,23.33,2.03,181,23,9.0,2.00,136
"Araujo, G.M. (1992)",Mata Mes. Semidec.,Panga,Rubiaceae,Coussarea hydrangeifolia (Benth.) Benth. & Hook.f. ex Müll.Arg.,march,25.60,0.97,5.91,15.41,1.82,175,87,18.0,11.00,3650
"Araujo, G.M. (1992)",Mata Mes. Semidec.,Panga,Araliaceae,Dendropanax cuneatus (DC.) Decne. & Planch.,march,17.20,0.75,19.08,44.18,2.61,145,122,38.0,6.00,134
"Araujo, G.M. (1992)",Mata Mes. Semidec.,Panga,Sapindaceae,Dilodendron bipinnatum Radlk.,march,20.90,1.51,8.47,12.12,1.74,278,53,14.0,7.00,169
"Araujo, G.M. (1992)",Mata Mes. Semidec.,Panga,Leguminosae,Dimorphandra mollis Benth.,march,24.30,1.09,3.92,6.18,2.37,140,32,13.0,9.00,37
"Araujo, G.M. (1992)",Mata Mes. Semidec.,Panga,Ebenaceae,Diospyros hispida A.DC.,march,18.40,0.71,13.76,5.72,2.14,207,261,9.0,4.00,167
"Araujo, G.M. (1992)",Mata Mes. Semidec.,Panga,Ebenaceae,Diospyros inconstans Jacq.,march,23.90,0.95,36.93,32.52,3.57,134,216,16.0,8.00,81
"Araujo, G.M. (1992)",Mata Mes. Semidec.,Panga,Lauraceae,Endlicheria paniculata (Spreng.) J.F.Macbr.,march,22.10,1.11,11.54,24.17,2.03,221,310,25.0,6.00,149
"Araujo, G.M. (1992)",Mata Mes. Semidec.,Panga,Erythroxylaceae,Erythroxylum deciduum A.St.-Hil.,march,18.60,0.91,8.68,9.21,2.13,116,48,10.0,8.00,56
"Araujo, G.M. (1992)",Mata Mes. Semidec.,Panga,Erythroxylaceae,Erythroxylum subracemosum Turcz.,march,21.10,1.15,10.48,7.71,1.74,92,50,13.0,9.00,140
"Araujo, G.M. (1992)",Mata Mes. Semidec.,Panga,Myrtaceae,Eugenia florida DC.,march,15.80,0.94,9.13,13.19,1.73,177,25,24.0,7.00,59
"Araujo, G.M. (1992)",Mata Mes. Semidec.,Panga,Myrtaceae,Eugenia patrisii Vahl,march,14.10,0.63,9.22,28.67,2.10,135,20,12.0,6.00,109
"Araujo, G.M. (1992)",Mata Mes. Semidec.,Panga,Myrtaceae,Eugenia moraviana O.Berg,march,16.70,0.75,10.16,20.34,2.15,143,20,22.0,10.00,85
"Araujo, G.M. (1992)",Mata Mes. Semidec.,Panga,Myrtaceae,Eugenia stricta Pancher ex Brongn. & Gris,march,11.10,0.71,9.75,55.58,4.68,78,16,14.0,3.00,77
"Araujo, G.M. (1992)",Mata Mes. Semidec.,Panga,Nyctaginaceae,Guapira sp.,march,45.40,4.56,24.99,17.83,1.44,81,124,26.0,28.00,11
"Araujo, G.M. (1992)",Mata Mes. Semidec.,Panga,Meliaceae,Guarea sp. ,march,20.10,0.55,2.12,8.77,1.66,115,82,8.0,2.00,478
"Araujo, G.M. (1992)",Mata Mes. Semidec.,Panga,Leguminosae,Inga sp.1,march,34.70,2.78,7.11,13.66,1.33,178,103,19.0,7.00,134
"Araujo, G.M. (1992)",Mata Mes. Semidec.,Panga,Oleaceae,Chionanthus trichotomus (Vell.) P.S.Green,march,15.20,0.67,7.36,11.96,2.24,105,33,15.0,3.00,94
"Araujo, G.M. (1992)",Mata Mes. Semidec.,Panga,Anacardiaceae,Lithraea molleoides (Vell.) Engl.,march,17.20,1.14,11.98,15.40,2.56,150,53,12.0,4.00,73
"Araujo, G.M. (1992)",Mata Mes. Semidec.,Panga,Leguminosae,Machaerium aculeatum Raddi,march,27.80,1.14,13.59,38.81,1.96,171,94,9.0,7.00,110
"Araujo, G.M. (1992)",Mata Mes. Semidec.,Panga,Leguminosae,Machaerium oblongifolium Vogel,march,39.10,1.15,9.56,13.41,1.72,215,96,19.0,8.00,90
"Araujo, G.M. (1992)",Mata Mes. Semidec.,Panga,Leguminosae,Machaerium stipitatum (DC.) Vogel,march,31.80,1.19,10.55,37.58,3.39,83,104,19.0,13.00,73
"Araujo, G.M. (1992)",Mata Mes. Semidec.,Panga,Sapindaceae,Matayba sp.,march,23.00,1.56,31.45,9.46,2.20,147,247,28.0,6.00,119
"Araujo, G.M. (1992)",Mata Mes. Semidec.,Panga,Celastraceae,Maytenus pittieriana Steyerm.,march,14.90,1.28,18.67,17.05,2.94,164,41,14.0,4.00,85
"Araujo, G.M. (1992)",Mata Mes. Semidec.,Panga,Myrtaceae,Myrcia splendens (Sw.) DC.,march,14.90,0.88,5.37,8.33,2.36,270,120,8.0,4.00,92
"Araujo, G.M. (1992)",Mata Mes. Semidec.,Panga,Lauraceae,Nectandra cissiflora Nees,march,18.10,1.03,8.67,18.59,2.73,107,79,13.0,5.00,67
"Araujo, G.M. (1992)",Mata Mes. Semidec.,Panga,Lauraceae,Ocotea minarum (Nees & Mart.) Mez,march,17.20,0.75,8.17,10.15,2.19,140,124,15.0,9.00,157
"Araujo, G.M. (1992)",Mata Mes. Semidec.,Panga,Lauraceae,Ocotea pulchella (Nees & Mart.) Mez,march,18.80,0.91,10.42,7.65,1.80,179,128,14.0,7.00,79
"Araujo, G.M. (1992)",Mata Mes. Semidec.,Panga,Leguminosae,Piptadenia gonoacantha (Mart.) J.F.Macbr.,march,27.70,1.15,6.54,33.05,1.96,92,100,12.0,11.00,89
"Araujo, G.M. (1992)",Mata Mes. Semidec.,Panga,Leguminosae,Platypodium elegans Vogel,march,16.30,1.58,10.03,12.61,2.76,145,169,16.0,10.00,73
"Araujo, G.M. (1992)",Mata Mes. Semidec.,Panga,Malvaceae,Pseudobombax tomentosum (Mart. & Zucc.) A.Robyns,march,15.40,2.14,10.68,15.28,4.05,510,47,18.0,6.00,67
"Araujo, G.M. (1992)",Mata Mes. Semidec.,Panga,Myrtaceae,Psidium sartorianum (O.Berg) Nied.,march,21.20,0.91,57.26,31.41,2.12,190,58,12.0,7.00,91
"Araujo, G.M. (1992)",Mata Mes. Semidec.,Panga,Rhamnaceae,Rhamnidium elaeocarpum Reissek,march,23.10,1.19,17.44,47.76,1.34,120,26,7.0,5.00,179
"Araujo, G.M. (1992)",Mata Mes. Semidec.,Panga,Styracaceae,Styrax camporum Pohl,march,17.50,0.81,5.61,11.84,1.88,173,106,15.0,14.00,137
"Araujo, G.M. (1992)",Mata Mes. Semidec.,Panga,Symplocaceae,Symplocos platyphylla (Pohl) Benth.,march,19.30,0.88,5.46,10.62,2.65,128,58,13.0,9.00,1268
"Araujo, G.M. (1992)",Mata Mes. Semidec.,Panga,Bignoniaceae,Tabebuia roseoalba (Ridl.) Sandwith,march,21.40,1.22,11.99,26.74,1.93,141,22,15.0,7.00,145
"Araujo, G.M. (1992)",Mata Mes. Semidec.,Panga,Anacardiaceae,Tapirira guianensis Aubl.,march,14.70,0.91,5.32,39.39,2.05,86,22,8.0,3.00,136
"Araujo, G.M. (1992)",Mata Mes. Semidec.,Panga,Combretaceae,Terminalia phaeocarpa Eichler,march,18.50,1.17,6.01,28.56,2.52,163,58,6.0,5.00,137
"Araujo, G.M. (1992)",Mata Mes. Semidec.,Panga,Annonaceae,Xylopia aromatica (Lam.) Mart.,march,19.90,0.87,8.05,8.25,1.49,136,197,11.0,7.00,50
"Araujo, G.M. (1992)",Mata Mes. Semidec.,Panga,Salicaceae,Xylosma sp.,march,12.20,0.81,11.36,20.61,1.46,166,116,35.0,5.00,216
"Araujo, G.M. (1992)",Mata Mes. Semidec.,Panga,Opiliaceae,Agonandra brasiliensis Miers ex Benth.,march,38.70,2.22,57.08,32.91,2.83,125,130,26.0,21.00,131
"Araujo, G.M. (1992)",Mata Mes. Semidec.,Panga,Rubiaceae,Cordiera sessilis (Vell.) Kuntze,march,13.80,0.83,12.01,22.91,2.18,81,30,4.0,3.00,75
"Araujo, G.M. (1992)",Mata Mes. Semidec.,Panga,Apocynaceae,Aspidosperma cylindrocarpon Müll.Arg.,march,16.10,0.85,15.55,36.49,2.69,73,35,12.0,9.00,29
"Araujo, G.M. (1992)",Mata Mes. Semidec.,Panga,Apocynaceae,Aspidosperma parvifolium A.DC.,march,34.10,1.11,32.81,16.55,3.25,108,51,14.0,8.00,133
"Araujo, G.M. (1992)",Mata Mes. Semidec.,Panga,Apocynaceae,Aspidosperma subincanum Mart. ex A.DC.,march,25.60,1.39,18.23,29.96,3.32,167,56,17.0,9.00,30
"Araujo, G.M. (1992)",Mata Mes. Semidec.,Panga,Leguminosae,Bauhinia sp.,march,25.60,1.61,11.98,26.16,3.20,101,42,20.0,7.00,15
"Araujo, G.M. (1992)",Mata Mes. Semidec.,Panga,Myrtaceae,Campomanesia velutina (Cambess.) O.Berg,march,20.40,0.91,10.16,12.12,3.03,228,133,11.0,5.00,87
"Araujo, G.M. (1992)",Mata Mes. Semidec.,Panga,Salicaceae,Casearia sylvestris Sw.,march,22.70,0.88,37.57,17.66,2.38,191,384,28.0,6.00,66
"Araujo, G.M. (1992)",Mata Mes. Semidec.,Panga,Annonaceae,Cardiopetalum calophyllum Schltdl.,march,25.10,1.31,7.55,12.89,4.40,114,25,12.0,5.00,33
"Araujo, G.M. (1992)",Mata Mes. Semidec.,Panga,Cannabaceae,Celtis iguanaea (Jacq.) Sarg.,march,24.70,1.15,12.04,59.47,4.98,160,100,12.0,11.00,133
"Araujo, G.M. (1992)",Mata Mes. Semidec.,Panga,Celastraceae,Cheiloclinium cognatum (Miers) A.C.Sm.,march,13.70,0.61,6.16,13.41,2.13,184,29,5.0,4.00,87
"Araujo, G.M. (1992)",Mata Mes. Semidec.,Panga,Polygonaceae,Coccoloba mollis Casar.,march,30.60,1.22,11.84,15.95,2.66,330,47,17.0,6.00,101
"Araujo, G.M. (1992)",Mata Mes. Semidec.,Panga,Leguminosae,Copaifera langsdorffii Desf.,march,19.90,1.01,6.57,12.99,1.95,194,452,36.0,7.00,89
"Araujo, G.M. (1992)",Mata Mes. Semidec.,Panga,Sapindaceae,Cupania vernalis Cambess.,march,20.20,1.36,17.71,6.64,2.36,216,598,30.0,7.00,94
"Araujo, G.M. (1992)",Mata Mes. Semidec.,Panga,Leguminosae,Sweetia fruticosa Spreng.,march,35.10,0.93,12.46,10.31,1.93,156,38,12.0,5.00,25
"Araujo, G.M. (1992)",Mata Mes. Semidec.,Panga,Malvaceae,Eriotheca candolleana (K.Schum.) A.Robyns,march,19.70,1.11,11.06,13.78,2.37,196,132,15.0,8.00,52
"Araujo, G.M. (1992)",Mata Mes. Semidec.,Panga,Rubiaceae,Faramea occidentalis (L.) A.Rich.,march,14.70,0.65,4.27,9.29,2.37,137,183,15.0,12.00,2072
"Araujo, G.M. (1992)",Mata Mes. Semidec.,Panga,Malvaceae,Guazuma ulmifolia Lam.,march,20.60,1.01,12.74,26.92,2.30,149,52,14.0,6.00,74
"Araujo, G.M. (1992)",Mata Mes. Semidec.,Panga,Rubiaceae,Guettarda viburnoides Cham. & Schltdl.,march,16.90,1.11,20.39,11.67,2.15,226,43,14.0,9.00,88
"Araujo, G.M. (1992)",Mata Mes. Semidec.,Panga,Leguminosae,Hymenaea courbaril L.,march,21.50,1.11,7.32,13.07,2.04,161,356,23.0,11.00,49
"Araujo, G.M. (1992)",Mata Mes. Semidec.,Panga,Malvaceae,Luehea paniculata Mart.,march,19.70,1.47,15.87,17.74,2.84,206,396,11.0,9.00,105
"Araujo, G.M. (1992)",Mata Mes. Semidec.,Panga,Phyllanthaceae,Margaritaria nobilis L.f.,march,20.30,0.95,9.71,16.13,2.23,116,106,8.0,5.00,134
"Araujo, G.M. (1992)",Mata Mes. Semidec.,Panga,Sapindaceae,Matayba guianensis Aubl.,march,23.90,1.31,12.87,9.93,3.70,141,299,21.0,4.00,43
"Araujo, G.M. (1992)",Mata Mes. Semidec.,Panga,Myrtaceae,Myrcia tomentosa (Aubl.) DC.,march,16.90,0.88,7.97,9.51,1.79,171,69,15.0,11.00,104
"Araujo, G.M. (1992)",Mata Mes. Semidec.,Panga,Lauraceae,Ocotea corymbosa (Meisn.) Mez,march,15.80,0.98,6.13,6.54,2.42,249,155,14.0,5.00,68
"Araujo, G.M. (1992)",Mata Mes. Semidec.,Panga,Ochnaceae,Ouratea castaneifolia (DC.) Engl.,march,14.40,0.85,11.78,11.49,2.59,220,698,11.0,4.00,97
"Araujo, G.M. (1992)",Mata Mes. Semidec.,Panga,Sapotaceae,Pouteria sp.,march,20.80,0.93,7.15,4.51,2.18,151,110,18.0,16.00,116
"Araujo, G.M. (1992)",Mata Mes. Semidec.,Panga,Sapotaceae,Pouteria macrophylla (Lam.) Eyma,march,19.30,0.88,4.91,15.42,1.32,122,77,17.0,20.00,148
"Araujo, G.M. (1992)",Mata Mes. Semidec.,Panga,Burseraceae,Protium heptaphyllum (Aubl.) Marchand,march,16.70,0.65,6.54,5.69,1.81,102,122,10.0,4.00,67
"Araujo, G.M. (1992)",Mata Mes. Semidec.,Panga,Vochysiaceae,Qualea dichotoma (Mart.) Warm. ex Wille,march,18.90,0.85,5.78,7.99,1.92,203,37,11.0,4.00,933
"Araujo, G.M. (1992)",Mata Mes. Semidec.,Panga,Primulaceae,Myrsine guianensis (Aubl.) Kuntze,march,22.30,1.11,16.05,12.57,1.05,94,25,15.0,3.00,54
"Araujo, G.M. (1992)",Mata Mes. Semidec.,Panga,Clusiaceae,Garcinia brasiliensis Mart.,march,14.80,0.71,8.89,26.85,0.98,118,621,20.0,3.00,220
"Araujo, G.M. (1992)",Mata Mes. Semidec.,Panga,Proteaceae,Roupala montana var. paraensis (Huber) K.S. Edwards,march,10.80,0.55,7.23,5.13,1.61,142,431,5.0,2.00,49
"Araujo, G.M. (1992)",Mata Mes. Semidec.,Panga,Rubiaceae,Rudgea viburnoides (Cham.) Benth.,march,16.50,0.87,16.64,16.71,2.76,364,132,19.0,6.00,2002
"Araujo, G.M. (1992)",Mata Mes. Semidec.,Panga,NA,Sinira cf. viridifolia,march,22.10,1.11,15.44,24.69,2.36,119,116,107.0,6.00,137
"Araujo, G.M. (1992)",Mata Mes. Semidec.,Panga,Combretaceae,Terminalia brasiliensis (Cambess. ex A. St.-Hil.) Eichler,march,19.10,1.11,6.66,17.45,1.90,142,178,16.0,6.00,80
"Araujo, G.M. (1992)",Mata Mes. Semidec.,Panga,Myristicaceae,Virola sebifera Aubl.,march,16.10,0.81,7.94,8.08,2.19,209,790,14.0,5.00,164
"Araujo, G.M. (1992)",Mata Mes. Semidec.,Panga,Vochysiaceae,Vochysia tucanorum Mart.,march,21.80,1.01,9.19,10.04,0.64,237,27,10.0,9.00,3459
"Araujo, G.M. (1992)",Mata Mes. Semidec., Glória,Euphorbiaceae,Actinostemon klotzschii (Didr.) Pax,march,27.10,0.91,5.18,9.49,2.62,154,835,24.0,7.00,96
"Araujo, G.M. (1992)",Mata Mes. Semidec., Glória,Lamiaceae,Aegiphila sellowiana Cham.,march,38.20,1.58,8.44,5.68,2.81,148,36,17.0,16.00,110
"Araujo, G.M. (1992)",Mata Mes. Semidec., Glória,Leguminosae,Albizia polycephala (Benth.) Killip,march,41.40,1.67,9.51,3.38,1.93,131,107,25.0,9.00,133
"Araujo, G.M. (1992)",Mata Mes. Semidec., Glória,Rubiaceae,Amaioua intermedia Mart. ex Schult. & Schult.f.,march,24.80,0.88,6.59,4.61,1.69,119,47,12.0,6.00,87
"Araujo, G.M. (1992)",Mata Mes. Semidec., Glória,Annonaceae,Annona cacans Warm.,march,33.30,1.44,5.56,7.47,2.11,179,32,15.0,11.00,90
"Araujo, G.M. (1992)",Mata Mes. Semidec., Glória,Leguminosae,Apuleia leiocarpa (Vogel) J.F.Macbr.,march,22.10,1.01,7.01,3.38,1.24,113,69,13.0,6.00,182
"Araujo, G.M. (1992)",Mata Mes. Semidec., Glória,Apocynaceae,Aspidosperma discolor A.DC.,march,18.30,0.83,5.45,10.68,2.69,126,42,7.0,5.00,66
"Araujo, G.M. (1992)",Mata Mes. Semidec., Glória,Anacardiaceae,Astronium nelson-rosae Santin,march,21.50,1.01,6.04,9.42,2.53,211,33,8.0,8.00,126
"Araujo, G.M. (1992)",Mata Mes. Semidec., Glória,Malpighiaceae,Byrsonima laxiflora Griseb.,march,17.20,0.91,5.46,12.91,2.29,875,34,27.0,4.00,48
"Araujo, G.M. (1992)",Mata Mes. Semidec., Glória,Vochysiaceae,Callisthene major Mart.,march,19.90,0.85,4.29,6.62,2.07,210,77,11.0,9.00,1200
"Araujo, G.M. (1992)",Mata Mes. Semidec., Glória,Lecythidaceae,Cariniana estrellensis (Raddi) Kuntze,march,21.50,1.23,10.51,4.61,2.37,131,226,15.0,7.00,53
"Araujo, G.M. (1992)",Mata Mes. Semidec., Glória,Salicaceae,Casearia decandra Jacq.,march,28.10,1.22,7.96,6.51,2.62,127,883,15.0,10.00,36
"Araujo, G.M. (1992)",Mata Mes. Semidec., Glória,Salicaceae,Casearia grandiflora Cambess.,march,28.90,0.91,8.43,4.45,2.04,171,1420,20.0,5.00,46
"Araujo, G.M. (1992)",Mata Mes. Semidec., Glória,Leguminosae,Cassia ferruginea (Schrad.) DC.,march,23.10,1.19,5.57,9.55,2.65,114,199,25.0,6.00,56
"Araujo, G.M. (1992)",Mata Mes. Semidec., Glória,Meliaceae,Cedrela fissilis Vell.,march,22.80,1.33,5.03,12.65,2.87,141,45,20.0,8.00,87
"Araujo, G.M. (1992)",Mata Mes. Semidec., Glória,Moraceae,Maclura tinctoria (L.) D.Don ex Steud.,march,37.80,1.74,11.76,24.29,3.24,126,85,14.0,8.00,117
"Araujo, G.M. (1992)",Mata Mes. Semidec., Glória,Boraginaceae,Cordia sellowiana Cham.,march,27.60,1.01,13.51,5.74,2.46,270,299,17.0,10.00,63
"Araujo, G.M. (1992)",Mata Mes. Semidec., Glória,Rubiaceae,Coussarea contracta (Walp.) Benth. & Hook.f. ex Müll.Arg.,march,19.70,0.91,2.53,16.25,3.48,299,2477,17.0,7.00,4158
"Araujo, G.M. (1992)",Mata Mes. Semidec., Glória,Euphorbiaceae,Croton floribundus Spreng.,march,29.80,1.44,5.21,11.39,3.77,91,1349,25.0,9.00,78
"Araujo, G.M. (1992)",Mata Mes. Semidec., Glória,Lauraceae,Cryptocarya moschata Nees & Mart.,march,17.40,0.91,6.51,3.72,1.49,81,830,13.0,8.00,168
"Araujo, G.M. (1992)",Mata Mes. Semidec., Glória,Leguminosae,Dalbergia frutescens (Vell.) Britton,march,32.80,1.61,10.35,7.43,2.03,96,101,11.0,9.00,48
"Araujo, G.M. (1992)",Mata Mes. Semidec., Glória,NA,Deconhecida 1,march,16.30,0.86,5.83,5.55,2.49,114,43,13.0,3.00,116
"Araujo, G.M. (1992)",Mata Mes. Semidec., Glória,Araliaceae,"Schefflera morototoni (Aubl.) Maguire, Steyerm. & Frodin",march,20.90,0.93,5.95,8.15,2.48,110,391,27.0,5.00,53
"Araujo, G.M. (1992)",Mata Mes. Semidec., Glória,Annonaceae,Duguetia lanceolata A.St.-Hil.,march,27.10,1.28,8.62,3.92,1.71,70,490,14.0,15.00,48
"Araujo, G.M. (1992)",Mata Mes. Semidec., Glória,Meliaceae,Guarea guidonia (L.) Sleumer,march,30.10,1.67,8.71,9.58,2.27,116,48,22.0,16.00,155
"Araujo, G.M. (1992)",Mata Mes. Semidec., Glória,Olacaceae,Heisteria ovata Benth.,march,28.70,0.73,4.31,8.91,2.28,128,1496,13.0,4.00,89
"Araujo, G.M. (1992)",Mata Mes. Semidec., Glória,Chrysobalanaceae,Hirtella racemosa Lam.,march,12.90,0.66,4.45,5.36,2.30,144,25,11.0,5.00,80
"Araujo, G.M. (1992)",Mata Mes. Semidec., Glória,Leguminosae,Inga laurina (Sw.) Willd.,march,26.10,1.39,7.59,4.52,1.29,90,60,24.0,10.00,99
"Araujo, G.M. (1992)",Mata Mes. Semidec., Glória,Leguminosae,Inga sp.1,march,30.30,1.15,5.23,5.43,1.68,128,132,15.0,12.00,116
"Araujo, G.M. (1992)",Mata Mes. Semidec., Glória,Leguminosae,Inga sp.2,march,27.10,1.17,4.23,6.01,1.79,200,159,14.0,10.00,86
"Araujo, G.M. (1992)",Mata Mes. Semidec., Glória,Rubiaceae,Ixora brevifolia Benth.,march,16.30,0.71,9.61,11.39,2.23,70,34,10.0,3.00,54
"Araujo, G.M. (1992)",Mata Mes. Semidec., Glória,Bignoniaceae,Jacaranda sp.,march,29.10,1.51,4.81,4.36,1.76,144,79,16.0,15.00,157
"Araujo, G.M. (1992)",Mata Mes. Semidec., Glória,Leguminosae,Machaerium nyctitans (Vell.) Benth.,march,26.70,1.06,3.72,9.35,2.92,133,1098,16.0,7.00,23
"Araujo, G.M. (1992)",Mata Mes. Semidec., Glória,Leguminosae,Machaerium sp.,march,47.90,1.44,5.09,5.89,2.27,123,486,20.0,18.00,60
"Araujo, G.M. (1992)",Mata Mes. Semidec., Glória,Leguminosae,Machaerium villosum Vogel,march,39.30,1.33,5.17,5.21,1.99,122,285,17.0,15.00,24
"Araujo, G.M. (1992)",Mata Mes. Semidec., Glória,Euphorbiaceae,Maprounea guianensis Aubl.,march,17.50,0.85,2.83,2.15,1.51,148,51,12.0,5.00,32
"Araujo, G.M. (1992)",Mata Mes. Semidec., Glória,Celastraceae,Maytenus sp.,march,22.10,1.29,19.17,7.61,3.96,89,921,32.0,4.00,38
"Araujo, G.M. (1992)",Mata Mes. Semidec., Glória,Melastomataceae,Miconia sellowiana Naudin,march,18.10,0.91,5.97,3.58,1.19,251,166,19.0,6.00,457
"Araujo, G.M. (1992)",Mata Mes. Semidec., Glória,Melastomataceae,Miconia sp.,march,22.40,0.85,5.45,26.54,1.67,121,70,24.0,6.00,2783
"Araujo, G.M. (1992)",Mata Mes. Semidec., Glória,Myrtaceae,Myrcia sp.,march,21.90,0.94,12.88,7.38,2.23,173,1511,19.0,5.00,65
"Araujo, G.M. (1992)",Mata Mes. Semidec., Glória,Lauraceae,Nectandra membranacea (Sw.) Griseb.,march,22.10,1.01,4.13,4.35,1.79,93,84,14.0,10.00,191
"Araujo, G.M. (1992)",Mata Mes. Semidec., Glória,Lauraceae,Ocotea spixiana (Nees) Mez,march,20.50,0.83,3.36,4.79,1.97,227,85,14.0,6.00,91
"Araujo, G.M. (1992)",Mata Mes. Semidec., Glória,Lauraceae,Ocotea sp. ,march,20.50,0.83,3.36,4.79,2.14,95,156,15.0,7.00,36
"Araujo, G.M. (1992)",Mata Mes. Semidec., Glória,Leguminosae,Ormosia fastigiata Tul.,march,23.40,0.85,2.85,6.29,2.27,270,285,12.0,4.00,212
"Araujo, G.M. (1992)",Mata Mes. Semidec., Glória,Compositae,Piptocarpha macropoda (DC.) Baker,march,28.70,1.53,10.32,4.93,2.43,159,923,20.0,17.00,69
"Araujo, G.M. (1992)",Mata Mes. Semidec., Glória,Leguminosae,Platycyamus regnellii Benth.,march,39.30,1.28,8.52,5.42,2.31,158,2754,13.0,5.00,55
"Araujo, G.M. (1992)",Mata Mes. Semidec., Glória,Myrtaceae,Psidium rufum Mart. ex DC.,march,14.80,0.61,11.32,11.56,2.72,73,351,8.0,3.00,43
"Araujo, G.M. (1992)",Mata Mes. Semidec., Glória,Vochysiaceae,Qualea multiflora subsp. pubescens (Mart.) Stafleu,march,19.60,0.96,4.04,7.02,2.20,184,207,10.0,6.00,1813
"Araujo, G.M. (1992)",Mata Mes. Semidec., Glória,Siparunaceae,Siparuna guianensis Aubl.,march,31.40,1.31,12.66,8.51,2.73,112,508,17.0,8.00,226
"Araujo, G.M. (1992)",Mata Mes. Semidec., Glória,Myrtaceae,Siphoneugena densiflora O.Berg,march,14.70,0.56,5.61,9.16,2.43,49,1653,10.0,4.00,45
"Araujo, G.M. (1992)",Mata Mes. Semidec., Glória,Elaeocarpaceae,Sloanea monosperma Vell.,march,16.70,0.83,4.67,13.54,2.09,116,790,10.0,5.00,35
"Araujo, G.M. (1992)",Mata Mes. Semidec., Glória,Moraceae,"Sorocea bonplandii (Baill.) W.C.Burger, Lanj. & de Boer",march,26.30,1.19,7.07,11.77,2.46,108,928,17.0,4.00,66
"Araujo, G.M. (1992)",Mata Mes. Semidec., Glória,Bignoniaceae,Handroanthus serratifolius (Vahl) S.O.Grose,march,29.80,1.83,9.33,10.01,2.92,150,458,22.0,8.00,82
"Araujo, G.M. (1992)",Mata Mes. Semidec., Glória,Anacardiaceae,Tapirira obtusa (Benth.) J.D.Mitch.,march,19.10,1.01,4.17,9.52,2.20,109,28,12.0,4.00,36
"Araujo, G.M. (1992)",Mata Mes. Semidec., Glória,Meliaceae,Trichilia pallida Sw.,march,29.10,1.36,11.46,14.78,2.53,111,53,28.0,9.00,32
"Araujo, G.M. (1992)",Mata Mes. Semidec., Glória,Lamiaceae,Vitex polygama Cham.,march,19.10,1.11,7.22,9.52,3.53,442,881,16.0,8.00,162
"Araujo, G.M. (1992)",Mata Mes. Semidec., Glória,Annonaceae,Xylopia sericea A.St.-Hil.,march,20.70,0.93,4.11,9.85,1.89,100,183,8.0,10.00,161
"Araujo, G.M. (1992)",Mata Mes. Semidec., Glória,Rutaceae,Zanthoxylum rhoifolium Lam.,march,25.30,1.19,7.58,8.46,2.28,102,238,13.0,7.00,21
"Araujo, G.M. (1992)",Mata Mes. Semidec., Glória,Opiliaceae,Agonandra brasiliensis Miers ex Benth.,march,36.10,2.42,36.21,10.64,3.41,117,651,32.0,41.00,173
"Araujo, G.M. (1992)",Mata Mes. Semidec., Glória,Rubiaceae,Cordiera sessilis (Vell.) Kuntze,march,12.40,0.71,7.09,15.56,2.43,79,23,5.0,2.00,46
"Araujo, G.M. (1992)",Mata Mes. Semidec., Glória,Apocynaceae,Aspidosperma cylindrocarpon Müll.Arg.,march,16.90,1.01,9.68,11.76,2.79,54,43,12.0,3.00,88
"Araujo, G.M. (1992)",Mata Mes. Semidec., Glória,Apocynaceae,Aspidosperma parvifolium A.DC.,march,31.20,2.22,7.43,6.77,3.20,70,49,14.0,13.00,52
"Araujo, G.M. (1992)",Mata Mes. Semidec., Glória,Apocynaceae,Aspidosperma subincanum Mart. ex A.DC.,march,31.10,1.41,9.67,8.93,3.09,106,178,15.0,11.00,67
"Araujo, G.M. (1992)",Mata Mes. Semidec., Glória,Leguminosae,Bauhinia sp.,march,17.20,1.61,17.32,7.69,2.45,101,90,30.0,11.00,21
"Araujo, G.M. (1992)",Mata Mes. Semidec., Glória,Myrtaceae,Campomanesia velutina (Cambess.) O.Berg,march,24.60,1.19,10.54,7.41,3.05,168,215,15.0,8.00,147
"Araujo, G.M. (1992)",Mata Mes. Semidec., Glória,Annonaceae,Cardiopetalum calophyllum Schltdl.,march,25.80,1.14,5.48,8.97,2.10,129,30,11.0,7.00,36
"Araujo, G.M. (1992)",Mata Mes. Semidec., Glória,Salicaceae,Casearia sylvestris Sw.,march,25.80,0.95,15.72,10.81,3.45,119,925,26.0,8.00,92
"Araujo, G.M. (1992)",Mata Mes. Semidec., Glória,Cannabaceae,Celtis iguanaea (Jacq.) Sarg.,march,35.20,1.28,14.19,22.83,3.63,109,109,16.0,10.00,82
"Araujo, G.M. (1992)",Mata Mes. Semidec., Glória,Celastraceae,Cheiloclinium cognatum (Miers) A.C.Sm.,march,17.60,0.63,3.88,9.77,2.47,86,25,9.0,5.00,92
"Araujo, G.M. (1992)",Mata Mes. Semidec., Glória,Polygonaceae,Coccoloba mollis Casar.,march,29.20,1.56,11.45,11.09,2.57,185,181,21.0,7.00,99
"Araujo, G.M. (1992)",Mata Mes. Semidec., Glória,Leguminosae,Copaifera langsdorffii Desf.,march,21.70,1.08,4.94,11.37,2.58,149,709,29.0,6.00,43
"Araujo, G.M. (1992)",Mata Mes. Semidec., Glória,Sapindaceae,Cupania vernalis Cambess.,march,20.70,1.28,10.12,8.65,2.72,210,1501,24.0,9.00,49
"Araujo, G.M. (1992)",Mata Mes. Semidec., Glória,Leguminosae,Sweetia fruticosa Spreng.,march,28.80,1.06,5.18,7.42,2.09,88,36,13.0,7.00,107
"Araujo, G.M. (1992)",Mata Mes. Semidec., Glória,Malvaceae,Eriotheca candolleana (K.Schum.) A.Robyns,march,23.70,1.22,7.91,8.62,2.65,175,30,11.0,7.00,71
"Araujo, G.M. (1992)",Mata Mes. Semidec., Glória,Rubiaceae,Faramea occidentalis (L.) A.Rich.,march,19.80,0.77,3.43,8.67,2.21,167,175,17.0,5.00,1902
"Araujo, G.M. (1992)",Mata Mes. Semidec., Glória,Malvaceae,Guazuma ulmifolia Lam.,march,22.60,1.56,20.62,10.05,2.51,83,43,20.0,8.00,46
"Araujo, G.M. (1992)",Mata Mes. Semidec., Glória,Rubiaceae,Guettarda viburnoides Cham. & Schltdl.,march,23.20,1.17,12.81,9.23,2.34,165,63,18.0,8.00,92
"Araujo, G.M. (1992)",Mata Mes. Semidec., Glória,Leguminosae,Hymenaea courbaril L.,march,23.30,1.04,6.11,5.13,1.74,82,423,20.0,7.00,98
"Araujo, G.M. (1992)",Mata Mes. Semidec., Glória,Malvaceae,Luehea paniculata Mart.,march,17.70,1.14,12.27,9.51,2.40,153,468,12.0,9.00,167
"Araujo, G.M. (1992)",Mata Mes. Semidec., Glória,Phyllanthaceae,Margaritaria nobilis L.f.,march,20.60,1.14,7.01,8.51,2.04,163,158,18.0,9.00,45
"Araujo, G.M. (1992)",Mata Mes. Semidec., Glória,Sapindaceae,Matayba guianensis Aubl.,march,22.80,1.44,8.95,6.76,3.37,92,282,17.0,5.00,165
"Araujo, G.M. (1992)",Mata Mes. Semidec., Glória,Myrtaceae,Myrcia tomentosa (Aubl.) DC.,march,15.30,0.95,7.38,6.97,1.80,90,166,7.0,7.00,144
"Araujo, G.M. (1992)",Mata Mes. Semidec., Glória,Lauraceae,Ocotea corymbosa (Meisn.) Mez,march,21.70,0.94,2.72,5.84,2.14,140,124,9.0,5.00,88
"Araujo, G.M. (1992)",Mata Mes. Semidec., Glória,Ochnaceae,Ouratea castaneifolia (DC.) Engl.,march,13.70,0.81,4.72,11.12,2.77,81,1734,9.0,5.00,154
"Araujo, G.M. (1992)",Mata Mes. Semidec., Glória,Sapotaceae,Pouteria macrophylla (Lam.) Eyma,march,22.40,1.19,4.16,9.52,1.97,132,160,12.0,4.00,60
"Araujo, G.M. (1992)",Mata Mes. Semidec., Glória,Sapotaceae,Pouteria sp.,march,19.60,1.88,5.12,2.87,1.13,163,134,14.0,4.00,137
"Araujo, G.M. (1992)",Mata Mes. Semidec., Glória,Burseraceae,Protium heptaphyllum (Aubl.) Marchand,march,15.40,0.81,4.54,5.69,1.68,96,384,10.0,3.00,67
"Araujo, G.M. (1992)",Mata Mes. Semidec., Glória,Vochysiaceae,Qualea dichotoma (Mart.) Warm. ex Wille,march,15.60,0.81,4.42,5.88,1.51,163,76,9.0,3.00,757
"Araujo, G.M. (1992)",Mata Mes. Semidec., Glória,Primulaceae,Myrsine guianensis (Aubl.) Kuntze,march,13.10,0.81,13.16,32.71,2.54,108,93,16.0,6.00,162
"Araujo, G.M. (1992)",Mata Mes. Semidec., Glória,Clusiaceae,Garcinia brasiliensis Mart.,march,14.20,0.81,8.02,12.05,2.22,83,897,25.0,3.00,55
"Araujo, G.M. (1992)",Mata Mes. Semidec., Glória,Proteaceae,Roupala montana var. paraensis (Huber) K.S. Edwards,march,12.10,0.61,5.95,5.97,2.37,97,503,10.0,3.00,96
"Araujo, G.M. (1992)",Mata Mes. Semidec., Glória,Rubiaceae,Rudgea viburnoides (Cham.) Benth.,march,17.50,0.81,9.15,12.22,4.71,134,134,14.0,5.00,1243
"Araujo, G.M. (1992)",Mata Mes. Semidec., Glória,NA,Sinira cf. viridifolia,march,28.10,1.06,9.91,11.59,3.05,168,218,28.0,9.00,88
"Araujo, G.M. (1992)",Mata Mes. Semidec., Glória,Combretaceae,Terminalia brasiliensis (Cambess. ex A. St.-Hil.) Eichler,march,26.40,1.53,10.69,16.64,2.66,180,213,22.0,11.00,101
"Araujo, G.M. (1992)",Mata Mes. Semidec., Glória,Myristicaceae,Virola sebifera Aubl.,march,23.30,0.85,6.31,7.17,2.14,188,1304,19.0,8.00,57
"Araujo, G.M. (1992)",Mata Mes. Semidec., Glória,Vochysiaceae,Vochysia tucanorum Mart.,march,22.30,0.91,9.55,7.35,0.93,230,33,14.0,5.00,3138
"Moreno, M.I.C. (2005)",campo cerrado,Panga,Leguminosae,Acosmium subelegans (Mohlenbr.) Yakovlev,april,23.00,0.80,5.80,3.90,1.70,NA,NA,NA,NA,1337
"Moreno, M.I.C. (2005)",campo sujo,Panga,Leguminosae,Acosmium subelegans (Mohlenbr.) Yakovlev,april,21.70,0.90,6.20,3.90,1.60,NA,NA,NA,NA,367
"Moreno, M.I.C. (2005)",mata semidecícua,Panga,Rubiaceae,Alibertia sessilis (Vell.) Kuntze,april,15.00,0.60,9.70,11.20,2.70,NA,NA,NA,NA,200
"Moreno, M.I.C. (2005)",cerradão mesotrófico,Panga,Rubiaceae,Alibertia sessilis (Vell.) Kuntze,april,11.90,0.80,8.60,11.00,3.10,NA,NA,NA,NA,202
"Moreno, M.I.C. (2005)",mata semidecícua,Panga,Leguminosae,Anadenanthera colubrina (Vell.) Brenan,april,33.00,1.40,9.30,8.80,2.50,NA,NA,NA,NA,191
"Moreno, M.I.C. (2005)",mata semidecícua,Panga,Apocynaceae,Aspidosperma subincanum Mart. ex A.DC.,april,20.10,1.40,5.60,3.10,3.80,NA,NA,NA,NA,185
"Moreno, M.I.C. (2005)",campo cerrado,Panga,Malpighiaceae,Byrsonima coccolobifolia Kunth,april,12.40,0.70,5.40,6.20,2.50,NA,NA,NA,NA,349
"Moreno, M.I.C. (2005)",campo sujo,Panga,Malpighiaceae,Byrsonima verbascifolia (L.) DC.,april,11.30,0.70,6.30,7.60,2.40,NA,NA,NA,NA,1483
"Moreno, M.I.C. (2005)",cerrado sensu stricto,Panga,Annonaceae,Cardiopetalum calophyllum Schltdl.,april,12.20,0.70,3.10,4.20,1.90,NA,NA,NA,NA,556
"Moreno, M.I.C. (2005)",campo cerrado,Panga,Caryocaraceae,Caryocar brasiliense A.St.-Hil.,april,11.80,0.70,3.10,6.90,2.10,NA,NA,NA,NA,664
"Moreno, M.I.C. (2005)",campo sujo,Panga,Caryocaraceae,Caryocar brasiliense A.St.-Hil.,april,12.70,0.70,3.30,5.60,2.30,NA,NA,NA,NA,195
"Moreno, M.I.C. (2005)",cerrado denso,Panga,Caryocaraceae,Caryocar brasiliense A.St.-Hil.,april,20.50,1.10,7.50,4.70,2.30,NA,NA,NA,NA,239
"Moreno, M.I.C. (2005)",mata semidecícua,Panga,Salicaceae,Casearia sylvestris Sw.,april,25.40,1.10,5.20,2.90,3.10,NA,NA,NA,NA,263
"Moreno, M.I.C. (2005)",mata semidecícua,Panga,Sapotaceae,Chrysophyllum marginatum (Hook. & Arn.) Radlk.,april,17.10,0.90,6.00,11.30,5.20,NA,NA,NA,NA,653
"Moreno, M.I.C. (2005)",cerradão distrófico,Panga,Leguminosae,Copaifera langsdorffii Desf.,april,20.10,1.30,6.90,3.40,2.10,NA,NA,NA,NA,233
"Moreno, M.I.C. (2005)",cerradão mesotrófico,Panga,Rubiaceae,Coussarea hydrangeaefolia (Benth.) Benth. & Hook.f. ex Müll.Arg.,april,23.00,1.20,2.30,6.70,3.60,NA,NA,NA,NA,16921
"Moreno, M.I.C. (2005)",cerradão distrófico,Panga,Rubiaceae,Coussarea hydrangeaefolia (Benth.) Benth. & Hook.f. ex Müll.Arg.,april,26.70,1.10,6.60,3.50,2.00,NA,NA,NA,NA,9662
"Moreno, M.I.C. (2005)",cerradão mesotrófico,Panga,Sapindaceae,Cupania vernalis Cambess.,april,18.80,1.40,3.70,7.40,3.30,NA,NA,NA,NA,325
"Moreno, M.I.C. (2005)",campo cerrado,Panga,Dilleniaceae,Davilla elliptica A.St.-Hil.,april,10.90,0.60,5.10,4.60,2.00,NA,NA,NA,NA,482
"Moreno, M.I.C. (2005)",campo sujo,Panga,Dilleniaceae,Davilla elliptica A.St.-Hil.,april,10.30,0.60,4.40,5.30,2.10,NA,NA,NA,NA,371
"Moreno, M.I.C. (2005)",cerradão mesotrófico,Panga,Ebenaceae,Diospyros hispida A.DC.,april,13.60,0.80,5.20,2.50,2.50,NA,NA,NA,NA,128
"Moreno, M.I.C. (2005)",campo sujo,Panga,Erythroxylaceae,Erythroxylum suberosum A.St.-Hil.,april,13.90,0.80,4.00,3.90,2.10,NA,NA,NA,NA,354
"Moreno, M.I.C. (2005)",cerradão mesotrófico,Panga,Leguminosae,Hymenaea courbaril L.,april,15.50,1.10,6.90,6.10,2.00,NA,NA,NA,NA,196
"Moreno, M.I.C. (2005)",cerrado sensu stricto,Panga,Calophyllaceae,Kielmeyera coryacea Mart.,april,11.20,1.00,5.40,3.30,1.40,NA,NA,NA,NA,15
"Moreno, M.I.C. (2005)",campo cerrado,Panga,Calophyllaceae,Kielmeyera coryacea Mart.,april,9.80,0.70,5.30,3.50,1.70,NA,NA,NA,NA,129
"Moreno, M.I.C. (2005)",campo sujo,Panga,Calophyllaceae,Kielmeyera coryacea Mart.,april,9.40,0.70,5.60,4.20,1.40,NA,NA,NA,NA,64
"Moreno, M.I.C. (2005)",mata semidecícua,Panga,Malvaceae,Luehea grandiflora Mart.,april,17.90,1.40,8.60,4.50,3.70,NA,NA,NA,NA,684
"Moreno, M.I.C. (2005)",campo sujo,Panga,Leguminosae,Machaerium opacum Vogel,april,20.20,0.80,3.50,3.30,1.90,NA,NA,NA,NA,173
"Moreno, M.I.C. (2005)",cerradão mesotrófico,Panga,Sapindaceae,Magonia pubescens A. St.-Hil.,april,13.60,1.60,10.30,6.20,2.30,NA,NA,NA,NA,198
"Moreno, M.I.C. (2005)",mata semidecícua,Panga,Sapindaceae,Matayba guianensis Aubl.,april,20.00,1.50,13.60,6.10,4.00,NA,NA,NA,NA,485
"Moreno, M.I.C. (2005)",cerradão mesotrófico,Panga,Sapindaceae,Matayba guianensis Aubl.,april,20.20,1.60,11.30,7.30,4.50,NA,NA,NA,NA,339
"Moreno, M.I.C. (2005)",cerradão distrófico,Panga,Sapindaceae,Matayba guianensis Aubl.,april,25.90,1.50,10.20,2.30,2.50,NA,NA,NA,NA,284
"Moreno, M.I.C. (2005)",cerrado denso,Panga,Sapindaceae,Matayba guianensis Aubl.,april,19.50,1.60,7.20,5.20,4.20,NA,NA,NA,NA,172
"Moreno, M.I.C. (2005)",cerrado sensu stricto,Panga,Sapindaceae,Matayba guianensis Aubl.,april,19.80,1.50,5.30,5.50,3.70,NA,NA,NA,NA,234
"Moreno, M.I.C. (2005)",cerradão distrófico,Panga,Melastomataceae,Miconia albicans (Sw.) Steud.,april,18.10,1.00,4.20,2.10,0.80,NA,NA,NA,NA,3697
"Moreno, M.I.C. (2005)",cerrado denso,Panga,Melastomataceae,Miconia albicans (Sw.) Steud.,april,16.00,0.60,4.60,3.70,1.10,NA,NA,NA,NA,5059
"Moreno, M.I.C. (2005)",cerrado sensu stricto,Panga,Melastomataceae,Miconia albicans (Sw.) Steud.,april,15.50,0.50,4.50,3.90,0.90,NA,NA,NA,NA,8822
"Moreno, M.I.C. (2005)",campo cerrado,Panga,Melastomataceae,Miconia albicans (Sw.) Steud.,april,18.30,0.60,4.80,3.50,0.80,NA,NA,NA,NA,6926
"Moreno, M.I.C. (2005)",campo sujo,Panga,Melastomataceae,Miconia albicans (Sw.) Steud.,april,10.80,0.70,5.00,2.30,0.80,NA,NA,NA,NA,8396
"Moreno, M.I.C. (2005)",cerradão mesotrófico,Panga,Anacardiaceae,Myracrodruon urundeuva Allemão,april,13.80,0.90,3.80,2.00,2.10,NA,NA,NA,NA,223
"Moreno, M.I.C. (2005)",cerrado sensu stricto,Panga,Myrtaceae,Myrcia rostrata (Sw.) DC.,april,12.60,0.60,5.00,3.30,2.20,NA,NA,NA,NA,112
"Moreno, M.I.C. (2005)",cerradão mesotrófico,Panga,Myrtaceae,Myrcia rostrata (Sw.) DC.,april,15.70,1.50,8.10,3.40,2.90,NA,NA,NA,NA,411
"Moreno, M.I.C. (2005)",mata semidecícua,Panga,Lauraceae,Nectandra cissiflora Nees,april,21.20,1.30,7.30,5.10,2.40,NA,NA,NA,NA,351
"Moreno, M.I.C. (2005)",cerradão distrófico,Panga,Lauraceae,Ocotea corymbosa (Meisn.) Mez,april,17.00,0.80,6.50,1.10,1.10,NA,NA,NA,NA,355
"Moreno, M.I.C. (2005)",cerradão distrófico,Panga,Lauraceae,Ocotea pulchella (Nees & Mart.) Mez,april,17.90,1.00,7.60,0.90,1.10,NA,NA,NA,NA,263
"Moreno, M.I.C. (2005)",campo sujo,Panga,Compositae,Piptocarpha rotundifolia (Less.) Baker,april,14.70,0.80,5.70,4.50,2.30,NA,NA,NA,NA,369
"Moreno, M.I.C. (2005)",cerradão distrófico,Panga,Vochysiaceae,Qualea grandiflora Mart.,april,13.10,0.70,3.30,1.40,0.70,NA,NA,NA,NA,6596
"Moreno, M.I.C. (2005)",cerrado denso,Panga,Vochysiaceae,Qualea grandiflora Mart.,april,13.10,0.70,3.90,3.00,1.20,NA,NA,NA,NA,5898
"Moreno, M.I.C. (2005)",cerrado sensu stricto,Panga,Vochysiaceae,Qualea grandiflora Mart.,april,12.30,0.60,3.30,2.20,0.90,NA,NA,NA,NA,4418
"Moreno, M.I.C. (2005)",campo cerrado,Panga,Vochysiaceae,Qualea grandiflora Mart.,april,13.30,0.70,2.70,1.10,1.10,NA,NA,NA,NA,2393
"Moreno, M.I.C. (2005)",cerrado denso,Panga,Vochysiaceae,Qualea parviflora Mart.,april,12.80,0.70,4.00,3.90,1.60,NA,NA,NA,NA,15802
"Moreno, M.I.C. (2005)",cerrado sensu stricto,Panga,Vochysiaceae,Qualea parviflora Mart.,april,12.90,0.70,3.60,5.40,2.10,NA,NA,NA,NA,15000
"Moreno, M.I.C. (2005)",campo cerrado,Panga,Vochysiaceae,Qualea parviflora Mart.,april,12.60,0.70,3.60,4.70,1.20,NA,NA,NA,NA,10688
"Moreno, M.I.C. (2005)",cerradão mesotrófico,Panga,Rhamnaceae,Rhamnidium elaeocarpum Reissek,april,16.20,1.20,9.70,4.10,4.00,NA,NA,NA,NA,377
"Moreno, M.I.C. (2005)",cerrado sensu stricto,Panga,Proteaceae,Roupala montana Aubl.,april,8.70,0.50,4.20,1.90,1.30,NA,NA,NA,NA,492
"Moreno, M.I.C. (2005)",cerradão distrófico,Panga,Rubiaceae,Rudgea viburnoides (Cham.) Benth.,april,22.10,0.90,5.90,2.40,2.40,NA,NA,NA,NA,5758
"Moreno, M.I.C. (2005)",cerrado denso,Panga,Rubiaceae,Rudgea viburnoides (Cham.) Benth.,april,16.40,0.80,7.30,5.00,4.30,NA,NA,NA,NA,4950
"Moreno, M.I.C. (2005)",campo cerrado,Panga,Leguminosae,Stryphnodendron polyphyllum Mart.,april,14.70,0.80,4.70,1.30,1.20,NA,NA,NA,NA,205
"Moreno, M.I.C. (2005)",campo sujo,Panga,Leguminosae,Stryphnodendron polyphyllum Mart.,april,15.70,0.70,6.00,2.50,1.10,NA,NA,NA,NA,201
"Moreno, M.I.C. (2005)",cerrado sensu stricto,Panga,Styracaceae,Styrax ferrugineus Nees & Mart.,april,14.70,0.80,7.60,5.70,0.80,NA,NA,NA,NA,189
"Moreno, M.I.C. (2005)",cerrado denso,Panga,Symplocaceae,Symplocos platyphylla (Pohl) Benth.,april,15.00,0.80,5.10,3.90,1.40,NA,NA,NA,NA,5787
"Moreno, M.I.C. (2005)",campo cerrado,Panga,Bignoniaceae,Tabebuia ochracea A.H. Gentry,april,11.60,0.70,9.50,8.30,2.40,NA,NA,NA,NA,350
"Moreno, M.I.C. (2005)",cerrado denso,Panga,Anacardiaceae,Tapirira guianensis Aubl.,april,12.70,1.00,7.50,3.90,2.90,NA,NA,NA,NA,333
"Moreno, M.I.C. (2005)",mata semidecícua,Panga,Combretaceae,Terminalia brasiliensis (Cambess. ex A. St.-Hil.) Eichler,april,22.70,1.10,10.70,15.50,3.30,NA,NA,NA,NA,372
"Moreno, M.I.C. (2005)",cerradão mesotrófico,Panga,Combretaceae,Terminalia brasiliensis (Cambess. ex A. St.-Hil.) Eichler,april,16.60,1.50,14.60,9.60,2.10,NA,NA,NA,NA,384
"Moreno, M.I.C. (2005)",cerradão distrófico,Panga,Myristicaceae,Virola sebifera Aubl.,april,18.80,0.90,4.70,1.40,1.40,NA,NA,NA,NA,201
"Moreno, M.I.C. (2005)",cerradão distrófico,Panga,Vochysiaceae,Vochysia tucanorum Mart.,april,16.80,0.90,3.30,3.10,1.10,NA,NA,NA,NA,8628
"Moreno, M.I.C. (2005)",cerrado denso,Panga,Vochysiaceae,Vochysia tucanorum Mart.,april,17.00,0.90,4.20,5.70,2.00,NA,NA,NA,NA,12552
"Moreno, M.I.C. (2005)",cerrado denso,Panga,Annonaceae,Xylopia aromatica (Lam.) Mart.,april,20.10,1.10,7.00,4.30,2.00,NA,NA,NA,NA,381
"Moreno, M.I.C. (2005)",cerrado sensu stricto,Panga,Annonaceae,Xylopia aromatica (Lam.) Mart.,april,19.70,1.00,7.40,6.10,1.40,NA,NA,NA,NA,237
